Date,Close,ret_d,R_t,sigma_t,MRI_t,MRI_bw0.125,MRI_bw0.25,MRI_bw0.5,MRI_bw1.0,MRI_bw5.0,EP_t,BM_t,IV_t,rf_annual_pct,Month,n_days,month_ret,month_rv,Future_Return,Future_Volatility,next_n_days,rf_m,Future_ExRet,VRP_t
2005-02-28,1039.989,-0.006469480616874246,0.07524632706444301,0.2777166661952817,3.297875400887181e-05,0.5246741168883738,0.27528292893259504,0.07578069096170817,0.005742713122633919,6.245764547048252e-12,,,,3.0312,2005-02,13,0.08913171197607217,0.2939344071730754,-0.09402599450571081,0.16418520339141057,23.0,0.002526,-0.09655199450571081,
2005-03-31,942.203,0.00551634198972506,-0.07746543688559915,0.1684277044259574,0.9110261211362833,0.9941929446877371,0.9884196112668739,0.9769733279369581,0.9544768835002152,0.7921858364244471,,,,2.8065,2005-03,23,-0.09402599450571081,0.16418520339141057,-0.010409646328869537,0.24935717183236625,21.0,0.00233875,-0.012748396328869538,
2005-04-29,932.395,-0.010273089240430355,-0.010409646328869648,0.24935717183236597,0.10405209476526242,0.8681168317160698,0.7536268335087472,0.5679534041844209,0.3225710693246721,0.0034924248481703283,0.07147962830593281,0.5291005291005292,,2.8197,2005-04,21,-0.010409646328869537,0.24935717183236625,-0.08199207417457188,0.16635377349884278,17.0,0.00234975,-0.08434182417457188,
2005-05-31,855.946,0.0003903638565143641,-0.07969722709043403,0.17480281036361006,0.826380524927209,0.9881520014207332,0.9764443779118008,0.9534436231555637,0.9090547425360087,0.6207978216679539,0.0794912559618442,0.591715976331361,,2.6218,2005-05,17,-0.08199207417457188,0.16635377349884278,0.02656709652244449,0.3735518235272453,22.0,0.0021848333333333333,0.024382263189111155,
2005-06-30,878.686,-0.022485309790432284,0.049137226995505934,0.37357464765712883,2.897388819066524e-08,0.3379678770812202,0.11422228593878676,0.013046730605081965,0.00017021717948158241,1.4289497264751384e-19,0.07836990595611286,0.5714285714285714,,2.3275,2005-06,22,0.02656709652244449,0.3735518235272453,0.010786560841984594,0.21748698580240375,21.0,0.0019395833333333333,0.00884697750865126,
2005-07-29,888.164,-0.0030542662633223916,0.010786560841984372,0.21748698580240336,0.17827220634703916,0.8978271361058389,0.8060935663280125,0.6497868376754139,0.4222229344162147,0.013418658446689045,0.07727975270479134,0.5524861878453039,,1.8657,2005-07,21,0.010786560841984594,0.21748698580240375,0.04475749974103893,0.19893059279385447,23.0,0.00155475,0.04320274974103893,
2005-08-31,927.916,0.014248863238894849,0.026912410164697143,0.204257944495317,0.10053343550934707,0.8662523139989079,0.7503930715084625,0.5630897617679044,0.31707007980783536,0.00320461830936532,0.07763975155279502,0.5434782608695652,,1.7345,2005-08,23,0.04475749974103893,0.19893059279385447,-0.011341543846641211,0.1797940367035014,22.0,0.0014454166666666667,-0.012786960513307877,
2005-09-30,917.392,0.0015469854526597437,-0.028761570214248078,0.17168768262383435,0.9666500023890979,0.9978823210320081,0.9957691266282277,0.9915561535459434,0.9831836056348264,0.9186987826079724,0.0791765637371338,0.5524861878453039,,1.6256,2005-09,22,-0.011341543846641211,0.1797940367035014,-0.04481181436070969,0.15070012332205424,16.0,0.0013546666666666666,-0.04616648102737635,
2005-10-31,876.282,0.009856764035776067,-0.043521067418796355,0.1515666544315724,0.7784425513441514,0.9844681279426158,0.9691774949348387,0.9393050166881692,0.8822939143755619,0.5346461187843027,0.08488964346349746,0.6060606060606061,,1.6523,2005-10,16,-0.04481181436070969,0.15070012332205424,-0.002803891897813826,0.144210087084178,22.0,0.0013769166666666667,-0.004180808564480493,
2005-11-30,873.825,0.002886458321378349,0.001099826433641038,0.14712119547237262,0.34359558263606116,0.9354120780778146,0.8749957558138554,0.76561757269226,0.5861702676151881,0.06920204514375324,0.08438818565400844,0.6097560975609756,,2.0012,2005-11,22,-0.002803891897813826,0.144210087084178,0.05679169170028331,0.10829105473244278,22.0,0.0016676666666666665,0.055124025033616644,
2005-12-30,923.451,-0.00920570238543561,0.0577092021574519,0.11027414222747182,0.001495193941374072,0.6659146900811478,0.4434423744658711,0.19664113947192985,0.038667737732818966,8.644578481053576e-08,0.07930214115781127,0.5747126436781609,,2.0534,2005-12,22,0.05679169170028331,0.10829105473244278,0.09328702876492612,0.15698877101201236,16.0,0.0017111666666666666,0.09157586209825945,
2006-01-25,1009.597,0.01051353577694969,0.10231250477677456,0.15088662981764106,2.8497473376155964e-05,0.5199066797633306,0.2703029556625304,0.07306368783989986,0.005338302480766331,4.335267414788189e-12,0.07374631268436578,0.53475935828877,,1.8342,2006-01,16,0.09328702876492612,0.15698877101201236,0.04300032587260039,0.16121903692762488,17.0,0.0015285000000000001,0.041471825872600385,
2006-02-28,1053.01,0.0049291641416431276,0.062335178194188545,0.14683496191074355,0.004547971648579793,0.7138609231938957,0.5095974176632411,0.2596895280890438,0.06743865099911024,1.3949041672856862e-06,0.07102272727272728,0.5181347150259068,,1.8682,2006-02,17,0.04300032587260039,0.16121903692762488,0.007671342152496319,0.1394812371131689,23.0,0.0015568333333333335,0.006114508819162985,
2006-03-31,1061.088,0.005166563411182157,0.021587305255009737,0.13176692307301446,0.07835009895695685,0.8528594615253283,0.7273692611132729,0.5290660420124687,0.2799108768107393,0.001718299537929,0.07127583749109052,0.53475935828877,,1.91,2006-03,23,0.007671342152496319,0.1394812371131689,0.10485369733707262,0.15571766174884652,20.0,0.0015916666666666666,0.10326203067040594,
2006-04-28,1172.347,0.01478358268384472,0.110561994024444,0.15177539868624165,1.0398593589410366e-05,0.4881585640633439,0.23829878366838586,0.05678631029783216,0.0032246850372416786,3.48687607197817e-13,0.06329113924050632,0.5102040816326531,,2.0,2006-04,20,0.10485369733707262,0.15571766174884652,0.16471573689359897,0.34332668358517443,18.0,0.0016666666666666668,0.1630490702269323,
2006-05-31,1365.451,-0.009650003336340918,0.1957396688063191,0.319131471605691,7.420639589891842e-15,0.13088882941922145,0.017131885666734053,0.0002935015064980477,8.614313431662353e-08,4.7435485241937254e-36,0.05649717514124294,0.4587155963302752,,2.05,2006-05,18,0.16471573689359897,0.34332668358517443,0.02088101294004696,0.28048299249154035,22.0,0.0017083333333333332,0.01917267960671363,
2006-06-30,1393.963,-0.0008321840925967772,-0.006355501793098295,0.27103569537139927,0.026619895540292683,0.7972148808816995,0.6355515662992223,0.40392579342539464,0.1631560465943346,0.00011561544824434459,0.056211354693648116,0.4504504504504504,,2.23,2006-06,22,0.02088101294004696,0.28048299249154035,-0.07147607217695129,0.2751054014522768,21.0,0.0018583333333333334,-0.07333440551028463,
2006-07-31,1294.328,-0.035086659912494045,-0.07147607217695162,0.2751054014522764,0.015400546527045847,0.770408398106283,0.5935290998726891,0.3522767923956845,0.1240989384605922,2.943339324390927e-05,0.05399568034557235,0.4672897196261682,,2.36,2006-07,21,-0.07147607217695129,0.2751054014522768,0.0342772465711938,0.19997048980876792,23.0,0.0019666666666666665,0.03231057990452713,
2006-08-31,1338.694,0.0030142259777876657,0.04988361587592394,0.20407862680798203,0.02802266622812117,0.7997777925104511,0.6396445173928902,0.40914510863078346,0.16739971991649558,0.0001314539483508473,0.05373455131649651,0.46511627906976744,,2.259,2006-08,23,0.0342772465711938,0.19997048980876792,0.04823432390075677,0.1462775836367273,21.0,0.0018824999999999998,0.04635182390075677,
2006-09-29,1403.265,0.01172528950931584,0.048234323900757214,0.14627758363672655,0.0284743500449494,0.8005774696019836,0.640924284834315,0.41078393889037806,0.16874344445029385,0.00013681526285385255,0.05157297576070139,0.4424778761061947,,2.16,2006-09,21,0.04823432390075677,0.1462775836367273,0.04361827594930401,0.18599161691305613,17.0,0.0018000000000000002,0.041818275949304005,
2006-10-31,1464.473,0.01260787463206281,0.06708981863146213,0.18049795877916272,0.008125213454285312,0.7402265766487374,0.547935384777109,0.3002331858908385,0.09013996591016281,5.950958853527638e-06,0.0546448087431694,0.45248868778280543,,2.175,2006-10,17,0.04361827594930401,0.18599161691305613,0.17063134656630785,0.195206016317517,22.0,0.0018124999999999999,0.16881884656630786,
2006-11-30,1714.358,0.0283215227017255,0.15881274211526342,0.19974118666144813,3.5508725358560454e-08,0.34229136450503284,0.11716337821471724,0.013727257194684879,0.00018843759008902776,2.3759522442913187e-19,0.043084877208099955,0.3831417624521073,,2.2691,2006-11,22,0.17063134656630785,0.195206016317517,0.19056054803022504,0.28941164055476737,21.0,0.0018909166666666666,0.18866963136355838,
2006-12-29,2041.047,0.030866701044934386,0.19056054803022482,0.2894116405547671,8.252752420647922e-12,0.20290251305796364,0.04116942980523711,0.0016949219504883452,2.8727604182472163e-06,1.9565774397447936e-28,0.03261578604044357,0.29325513196480935,,2.26,2006-12,21,0.19056054803022504,0.28941164055476737,0.16868205386745116,0.45554067450926755,20.0,0.0018833333333333332,0.16679872053411784,
2007-01-31,2385.335,-0.06526511393151102,0.20475541344075787,0.45088433518418974,1.8038705478097743e-21,0.050525757750737046,0.002552852196286165,6.517054336083096e-06,4.247199721945948e-11,1.3820171089493118e-52,0.028612303290414875,0.2610966057441253,,2.27,2007-01,20,0.16868205386745116,0.45554067450926755,0.0667562417857448,0.5339014462642481,15.0,0.0018916666666666667,0.06486457511907813,
2007-02-28,2544.571,0.03543409296958022,0.01452915120029652,0.538031219261926,9.524189118141448e-20,0.06474060456638343,0.004191345879620828,1.7567380282614494e-05,3.0861284999399246e-10,2.799432666656421e-48,0.02844950213371266,0.25641025641025644,,2.373,2007-02,15,0.0667562417857448,0.5339014462642481,0.09322317986018125,0.2211064540020296,22.0,0.0019775,0.09124567986018126,
2007-03-30,2781.784,-0.0005464726287631727,0.12461472284301411,0.19432025357714533,0.00017994966309747132,0.5833738259499793,0.34032502080351673,0.1158211197849141,0.013414531788231423,4.3438777537601645e-10,0.027495188342040146,0.2386634844868735,,2.45,2007-03,22,0.09322317986018125,0.2211064540020296,0.27929019650698916,0.29631953557960194,21.0,0.002041666666666667,0.2772485298403225,
2007-04-30,3558.709,0.02541000304565033,0.2792901965069896,0.2963195355796015,1.018227543340136e-15,0.11560864273890638,0.013365358275932089,0.0001786328018440264,3.1909677894647196e-08,3.308354974607754e-38,0.0286697247706422,0.2188183807439825,,2.55,2007-04,21,0.27929019650698916,0.29631953557960194,0.103757570512228,0.38215567291541436,18.0,0.0021249999999999997,0.101632570512228,
2007-05-31,3927.952,0.01067629942834869,0.1391043827344698,0.3625975886954616,1.0399371630289654e-08,0.3170026871587484,0.10049070366586732,0.010098381523261158,0.00010197730938934235,1.102853297120767e-20,0.025464731347084286,0.2008032128514056,,2.88,2007-05,18,0.103757570512228,0.38215567291541436,-0.04171995991804367,0.4969003012255447,21.0,0.0024,-0.04411995991804367,
2007-06-29,3764.078,-0.024476729690798726,-0.04171995991804389,0.4969003012255447,1.4549014359610212e-11,0.2102214843578565,0.0441930724856205,0.001953027655719308,3.8143170240044562e-06,8.073910507227412e-28,0.026816840976133013,0.20920502092050208,,3.2011,2007-06,21,-0.04171995991804367,0.4969003012255447,0.18503495411094106,0.39612453213619997,22.0,0.002667583333333333,0.18236737077760773,
2007-07-31,4460.564,0.011397645101905995,0.1870605470699147,0.40435798157180775,6.3050093697309145e-12,0.19951720789143115,0.039807116244792565,0.0015846065037264279,2.510977771652094e-06,9.981925880896691e-29,0.022825838849577722,0.17889087656529518,,3.1499,2007-07,22,0.18503495411094106,0.39612453213619997,0.18747606804879346,0.33202592265899106,23.0,0.0026249166666666665,0.1848511513821268,
2007-08-31,5296.813,0.01060533905413008,0.19399994409619792,0.29304484885884485,9.098855313530404e-08,0.3630251156457545,0.13178723458961344,0.01736787520077781,0.0003016430889897928,2.497278037541025e-18,0.02345215759849906,0.1564945226917058,,3.2598,2007-08,23,0.18747606804879346,0.33202592265899106,0.053617146763534906,0.2992483455309154,20.0,0.0027164999999999997,0.05090064676353491,
2007-09-28,5580.813,0.028217700565824178,0.06479111383820735,0.2929265964583084,0.0036678433774277844,0.7043291678887206,0.4960795767388176,0.2460949464573644,0.06056272267185306,8.14754852812354e-07,0.021867483052700636,0.1485884101040119,,3.4879,2007-09,20,0.053617146763534906,0.2992483455309154,0.01930363909344357,0.29937965509644154,18.0,0.0029065833333333335,0.016397055760110236,
2007-10-31,5688.543,0.01652499576488342,0.04288625320027162,0.30160475843157086,0.006228192155417238,0.7280272331944693,0.5300236522727942,0.28092507196859184,0.0789188960605585,3.061293772029582e-06,0.020903010033444816,0.14104372355430184,,3.5681,2007-10,18,0.01930363909344357,0.29937965509644154,-0.16720186522278202,0.3504307224608979,22.0,0.0029734166666666663,-0.1701752818894487,
2007-11-30,4737.408,-0.021615135675444486,-0.15482392165034375,0.35828417050082073,0.00038502356529973754,0.611776734425084,0.37427077278381965,0.14007861136019756,0.019622017360601266,2.908829581186519e-09,0.0248015873015873,0.1584786053882726,,4.0127,2007-11,22,-0.16720186522278202,0.3504307224608979,0.1268345474993926,0.2668184800368679,20.0,0.0033439166666666665,0.12349063083272593,
2007-12-28,5338.275,-0.005450365438106508,0.1024778658714145,0.27724656634758543,0.000765706919117088,0.6386367567051887,0.4078569070149224,0.16634725659977906,0.027671409778272735,1.622394363216221e-08,0.02316423442205235,0.1485884101040119,,3.93,2007-12,20,0.1268345474993926,0.2668184800368679,-0.13447677386421597,0.46109290716902473,22.0,0.003275,-0.13775177386421597,
2008-01-31,4620.401,-0.019158918977670192,-0.1420032263078348,0.46936736033398035,0.006949531974466111,0.7330307990187616,0.537334152310084,0.2887279912387965,0.08336385292479055,4.026140196036737e-06,0.027839643652561245,0.18181818181818182,,3.75,2008-01,22,-0.13447677386421597,0.46109290716902473,0.011719545554595756,0.46594457512140197,16.0,0.0031249999999999997,0.008594545554595757,
2008-02-29,4674.55,0.011357283425384779,-0.070150797270774,0.47631171112355414,0.17869005755877412,0.8979585175620648,0.8063294992622609,0.6501672613805285,0.4227174677710564,0.013497426518877486,0.028376844494892167,0.18484288354898337,,3.6741,2008-02,16,0.011719545554595756,0.46594457512140197,-0.18911339059374732,0.4611750984202456,21.0,0.0030617500000000002,-0.19217514059374732,
2008-03-31,3790.53,-0.03257297565487427,-0.189113390593747,0.46117509842024507,0.02181991984316859,0.787369018163008,0.6199499707629792,0.38433796624901884,0.14771567230043192,7.03287465415819e-05,0.03718854592785422,0.23529411764705882,,3.4973,2008-03,21,-0.18911339059374732,0.4611750984202456,0.04447636610183747,0.624338067110229,21.0,0.002914416666666667,0.0415619494351708,
2008-04-30,3959.119,0.04823371705636004,0.044476366101837916,0.6243380671102287,0.019210912577011057,0.7811271800109505,0.6101596713518598,0.3722948245442096,0.1386034363824038,5.115286808737085e-05,0.036483035388544326,0.22624434389140272,,3.5333,2008-04,21,0.04447636610183747,0.624338067110229,-0.08784504835545492,0.38001412358325115,20.0,0.002944416666666667,-0.0907894650221216,
2008-05-30,3611.33,0.00850687598649258,-0.04384842450627402,0.4127019478999406,0.2541351663233617,0.9179447616522893,0.8426225854448782,0.7100128215018112,0.5041182066969628,0.03255831445417388,0.039525691699604744,0.24390243902439027,,3.5821,2008-05,20,-0.08784504835545492,0.38001412358325115,-0.22692775237931728,0.5409542267840065,20.0,0.002985083333333333,-0.22991283571265062,
2008-06-30,2791.819,-0.00859439613554025,-0.22035132264020907,0.5321257682850191,0.0006534531553510666,0.6323403622817436,0.3998543337706067,0.15988348823513576,0.025562729810234792,1.0915311862421764e-08,0.04952947003467063,0.29673590504451036,,3.8427,2008-06,20,-0.22692775237931728,0.5409542267840065,0.004796514387214401,0.40512822837019263,23.0,0.00320225,0.0015942643872144014,
2008-07-31,2805.21,-0.02744918845757016,0.03912176521162225,0.4065482747754545,0.4242824418528485,0.9478256147657081,0.8983733960059925,0.8070747586513399,0.6513696660521187,0.11725669504511173,0.04906771344455348,0.29673590504451036,,3.8052,2008-07,23,0.004796514387214401,0.40512822837019263,-0.14742924772120414,0.4714622363457441,21.0,0.003171,-0.15060024772120414,
2008-08-29,2391.64,0.02387766416295456,-0.14742924772120458,0.47146223634574375,0.03737457058018449,0.8143029595438221,0.6630893099218277,0.43968743293260565,0.19332503867886458,0.00027004772857813525,0.058892815076560655,0.3472222222222222,,3.6182,2008-08,21,-0.14742924772120414,0.4714622363457441,-0.061875114983860335,0.5702448539637852,19.0,0.0030151666666666664,-0.064890281650527,
2008-09-26,2243.657,0.009050915390468761,-0.035107418767191256,0.5491662660637473,0.30178355595170997,0.927856839112505,0.8609183138878491,0.7411803431874971,0.549348301127536,0.05003097067710806,0.061919504643962855,0.36496350364963503,,3.3521,2008-09,19,-0.061875114983860335,0.5702448539637852,-0.2585051993241392,0.4836258887406966,20.0,0.0027934166666666667,-0.26129861599080584,
2008-10-31,1663.66,-0.020025258356227593,-0.2517939926207493,0.4783276122918662,0.010520691655921838,0.7522769728059338,0.5659206438140595,0.32026617509491967,0.10257042290992972,1.1353002430665791e-05,0.08285004142502071,0.5,,2.5598,2008-10,20,-0.2585051993241392,0.4836258887406966,0.09993868939566952,0.5565921996953861,20.0,0.0021331666666666665,0.09780552272900285,
2008-11-28,1829.924,-0.021678473840573975,0.07791213296451116,0.5495781771345067,0.2106464694537931,0.9072398884873409,0.8230842152625228,0.6774676254143231,0.4589623834845216,0.02036504909026339,0.07716049382716049,0.46511627906976744,,1.9581,2008-11,20,0.09993868939566952,0.5565921996953861,-0.006668036486761397,0.3733300491353313,23.0,0.0016317500000000002,-0.008299786486761397,
2008-12-31,1817.722,-0.00857025201329742,-0.027244009116834778,0.38540572207744406,0.27717989133518284,0.9229381700293187,0.8518148656970677,0.7255885654225134,0.5264787662719009,0.04044867506298781,0.08051529790660225,0.4854368932038835,,1.1674,2008-12,23,-0.006668036486761397,0.3733300491353313,0.11825790742478781,0.3054893241966895,15.0,0.0009728333333333334,0.11728507409145447,
2009-01-23,2032.682,-0.005805186566634868,0.059265068748355354,0.2857309255716492,0.03907054471453546,0.8165646814638297,0.6667778790141256,0.4445927399425759,0.19766270440964695,0.000301733593693176,0.07326007326007326,0.4444444444444444,,1.2367,2009-01,15,0.11825790742478781,0.3054893241966895,0.05303682523877251,0.44894336470002194,20.0,0.0010305833333333332,0.05200624190543918,
2009-02-27,2140.489,-0.022690320680673004,0.04692375000672522,0.4386306553867088,0.6591448724339211,0.9742856475065095,0.9492325229371783,0.9010423826016808,0.8118773752445138,0.35273795682080433,0.07012622720897616,0.425531914893617,,1.3267,2009-02,20,0.05303682523877251,0.44894336470002194,0.17159630346149868,0.3419458454224064,22.0,0.0011055833333333332,0.17049072012816535,
2009-03-31,2507.789,0.009378998561876184,0.1585108279984071,0.3501105433739431,0.0019293282539713321,0.6766091752056468,0.4577999759724656,0.20958081800039005,0.04392411927371261,1.6349907911172804e-07,0.058513750731421885,0.38759689922480617,,1.2128,2009-03,22,0.17159630346149868,0.3419458454224064,0.045911757328865654,0.30904919641392825,21.0,0.0010106666666666669,0.04490109066219899,
2009-04-30,2622.926,0.006738390324598775,0.0459117573288661,0.30904919641392753,0.03351771634825012,0.8087785997732726,0.6541228234512155,0.4278766681597901,0.18307844315552313,0.00020567715355148704,0.05227391531625719,0.3846153846153846,,1.299,2009-04,21,0.045911757328865654,0.30904919641392825,0.052150155970851264,0.23304211246377574,18.0,0.0010825,0.051067655970851264,
2009-05-27,2759.712,0.01468803910927563,0.09804670527738124,0.24120898438854466,0.016476979146782894,0.7736683835562648,0.5985627677145635,0.35827738689411853,0.1283626859596779,3.484929366735358e-05,0.04918839153959666,0.36101083032490977,,1.2226,2009-05,18,0.052150155970851264,0.23304211246377574,0.14739291636228669,0.1936693350868232,22.0,0.0010188333333333332,0.14637408302895336,
2009-06-30,3166.474,-0.0042446914626921295,0.10780095593879246,0.16725408099675487,0.015159544639341322,0.769649310712114,0.592360061479632,0.35089044243615347,0.12312410259303952,2.8295370861184196e-05,0.04269854824935952,0.3021148036253776,,1.2207,2009-06,22,0.14739291636228669,0.1936693350868232,0.17942607455485193,0.27811938158103466,23.0,0.00101725,0.17840882455485194,
2009-07-31,3734.622,0.0274577709255317,0.13778596430189394,0.28526948181254913,0.0005708048778198533,0.6270186804412368,0.3931524256222697,0.15456882977267433,0.023891523137293976,7.78429326795527e-09,0.037091988130563795,0.2610966057441253,,1.8168,2009-07,23,0.17942607455485193,0.27811938158103466,-0.24215328887368004,0.4743698875794777,21.0,0.001514,-0.24366728887368003,
2009-08-31,2830.271,-0.07106188465793895,-0.24215328887367982,0.4743698875794771,0.9348364028476823,0.9957973724087836,0.9916124068962378,0.9832951655105497,0.9668693825164195,0.8449656206725442,0.05030181086519115,0.3460207612456747,,1.7724,2009-08,21,-0.24215328887368004,0.4743698875794777,0.06166688631583295,0.325205467731072,22.0,0.001477,0.06018988631583295,
2009-09-30,3004.805,0.010940737196891481,0.056653303794352405,0.33317069990114806,0.057810109154497,0.8368068696862072,0.7002457371540289,0.49034409240238946,0.24043732895392303,0.0008035436500868836,0.047709923664122134,0.32679738562091504,,1.8282,2009-09,22,0.06166688631583295,0.325205467731072,0.09170877977106695,0.30603858947180607,16.0,0.0015235,0.09018527977106695,
2009-10-30,3280.372,0.010261926899207907,0.0719928210769103,0.2936396646057479,0.01941309252800949,0.7816384597743855,0.6109586817984737,0.3732705108649287,0.1393308742813648,5.2509370430752995e-05,0.045433893684688774,0.3164556962025316,,1.9065,2009-10,16,0.09170877977106695,0.30603858947180607,0.07050938125310147,0.3115908772760859,21.0,0.00158875,0.06892063125310147,
2009-11-30,3511.669,0.03818436604769815,0.07050938125310169,0.3115908772760852,0.018372689323982724,0.7789521775340522,0.6067664948850416,0.36816557931507926,0.13554589379240792,4.575429082272061e-05,0.043084877208099955,0.30303030303030304,,1.8798,2009-11,21,0.07050938125310147,0.3115908772760859,0.018229223767958436,0.2352987168054405,23.0,0.0015665,0.016662723767958437,
2009-12-31,3575.684,0.004728203465326208,-0.0060169642532000855,0.23943782425910984,0.5233433729274942,0.9603381251383764,0.9222493145942918,0.850543798269641,0.7234247527749477,0.198137565578191,0.041684035014589414,0.29411764705882354,,1.9685,2009-12,23,0.018229223767958436,0.2352987168054405,-0.10390431592948357,0.22308170169310113,20.0,0.0016404166666666665,-0.10554473259615024,
2010-01-29,3204.155,-0.0007531412069594623,-0.09966739321079765,0.22023217546432491,0.60468600722507,0.9690487371692269,0.9390554550092733,0.8818251475826734,0.7776155909092037,0.28433138285936554,0.046296296296296294,0.33003300330033003,,2.0796,2010-01,20,-0.10390431592948357,0.22308170169310113,0.024190777287616427,0.2025809409994695,15.0,0.0017330000000000002,0.02245777728761643,
2010-02-26,3281.666,-0.0031778837274857308,-0.03723199202951144,0.2067081412795784,0.8970636533370083,0.9932337165216586,0.9865132156354264,0.9732083246233493,0.9471344431161863,0.7621810581314333,0.04595588235294117,0.32679738562091504,,2.0666,2010-02,15,0.024190777287616427,0.2025809409994695,0.019484310712912123,0.19202898139655578,23.0,0.001722166666666667,0.017762144046245456,
2010-03-31,3345.607,-0.00626754681427677,0.010380111837392514,0.19591017254375362,0.6229507169617066,0.9708527287805819,0.9425550209807022,0.888409967575932,0.7892722704882685,0.3062909924108689,0.046772684752104776,0.33222591362126247,,2.0137,2010-03,23,0.019484310712912123,0.19202898139655578,-0.08316637309761732,0.23799037075823598,21.0,0.0016780833333333335,-0.08484445643095065,
2010-04-30,3067.365,0.0023858978112876184,-0.08316637309761732,0.2379903707582351,0.40569837501475786,0.9451760409337214,0.8933577483551439,0.7980880665461727,0.6369445619634081,0.10483545162749708,0.058343057176196034,0.3846153846153846,,1.9662,2010-04,21,-0.08316637309761732,0.23799037075823598,-0.0958806663047923,0.36578223563089074,20.0,0.0016385,-0.0975191663047923,
2010-05-31,2773.264,-0.027028013171937593,-0.09372352996538624,0.35738171716322753,0.2601353898155242,0.9192845579787533,0.8450840985381919,0.7141671336021084,0.5100346947174518,0.03451426253371974,0.06426735218508997,0.42016806722689076,,2.0856,2010-05,20,-0.0958806663047923,0.36578223563089074,-0.07579300059424587,0.26539161025056424,19.0,0.001738,-0.07753100059424588,
2010-06-30,2563.07,-0.01116851381104833,-0.10381509794302679,0.26414193756141374,0.28227167400319164,0.9239887982217279,0.853755299239233,0.7288981109790722,0.5312924561888599,0.042331947327459055,0.06891798759476224,0.4444444444444444,,2.2674,2010-06,19,-0.07579300059424587,0.26539161025056424,0.11930068238479596,0.20834707225432014,22.0,0.0018895,0.11741118238479596,
2010-07-30,2868.846,-0.0031723683588744667,0.13569491910559917,0.2011974906973371,0.0021209853241343896,0.6806261078023493,0.4632518986221752,0.2146023215770501,0.04605415642625961,2.0717824922698626e-07,0.06293266205160478,0.4115226337448559,,2.205,2010-07,22,0.11930068238479596,0.20834707225432014,0.011970666951101716,0.2256909616532269,22.0,0.0018375,0.010133166951101715,
2010-08-31,2903.188,-0.004055560701335503,-0.004828821417247275,0.22360804554415264,0.6226400616971238,0.9708224624381435,0.9424962535744607,0.8882991880018941,0.7890754474048244,0.3059092795321001,0.06802721088435375,0.4273504273504274,,2.1687,2010-08,22,0.011970666951101716,0.2256909616532269,0.011155323044872434,0.1869388194404411,19.0,0.0018072499999999998,0.009348073044872434,
2010-09-30,2935.574,0.021135990805659643,0.02693938149407793,0.19026515693161103,0.4335947090975722,0.9491126206423447,0.9008147666625793,0.8114672438373572,0.658479087820997,0.12379694722117779,0.06802721088435375,0.4273504273504274,,2.1739,2010-09,19,0.011155323044872434,0.1869388194404411,0.1513874288299324,0.2650978733690653,16.0,0.0018115833333333334,0.14957584549659905,
2010-10-29,3379.983,-0.005212067485810934,0.18603052535100373,0.2469634044593857,1.813513619449685e-05,0.5054259677787978,0.25545540890513435,0.06525746593888938,0.004258536860765309,1.4005610801559305e-12,0.062421972534332085,0.390625,,2.3822,2010-10,16,0.1513874288299324,0.2650978733690653,-0.07189326100160831,0.3353171755842538,22.0,0.0019851666666666668,-0.07387842766827497,
2010-11-30,3136.985,-0.01663453550884786,-0.09674934746522812,0.32500641184443646,0.5023228770333162,0.9578807263353618,0.9175354858847602,0.841871367857783,0.7087474000187346,0.17883700729185925,0.06747638326585695,0.4291845493562232,,3.0197,2010-11,22,-0.07189326100160831,0.3353171755842538,-0.0027810142541326854,0.2094045398264927,23.0,0.0025164166666666664,-0.005297430920799352,
2010-12-31,3128.261,0.020940257132767925,-0.008493660498900435,0.21850361540538588,0.6847729473761118,0.9766111136688509,0.9537692673415131,0.9096758153251668,0.827510088987507,0.3880310571440149,0.066711140760507,0.4329004329004329,,3.3708,2010-12,23,-0.0027810142541326854,0.2094045398264927,-0.016543696322014467,0.2583756653459136,20.0,0.0028090000000000003,-0.019352696322014466,
2011-01-31,3076.508,0.013097290346375301,0.004050131555844549,0.2627607582770294,0.26634580509730327,0.9206411152738891,0.8475800631327505,0.7183919634201172,0.516087013106611,0.03661125807018304,0.06653359946773121,0.425531914893617,,3.2628,2011-01,20,-0.016543696322014467,0.2583756653459136,0.05299872452793908,0.2270347879483726,15.0,0.0027189999999999996,0.05027972452793908,
2011-02-28,3239.559,0.013116642799935185,0.08584105145173915,0.20892190708952074,0.038883672483569984,0.8163200335451569,0.6663783971671662,0.44406016821108146,0.19718943299165395,0.0002981385885191918,0.06472491909385114,0.41493775933609955,,3.2493,2011-02,15,0.05299872452793908,0.2270347879483726,-0.005022597211534197,0.16979273706617865,23.0,0.00270775,-0.007730347211534197,
2011-03-31,3223.288,-0.0100710056263974,-0.006169645835812698,0.17681476689437428,0.8354854937251047,0.9888289712122218,0.977782734308621,0.9560590755120433,0.9140489558689429,0.6380390863051589,0.06657789613848203,0.42016806722689076,,3.1796,2011-03,23,-0.005022597211534197,0.16979273706617865,-0.009482553218948642,0.15758212408890343,19.0,0.002649666666666667,-0.012132219885615308,
2011-04-29,3192.723,0.009787853408970149,-0.02002959503422208,0.153157877780412,0.8772146709246258,0.9918457069768972,0.983757906448501,0.9677796184999378,0.9365973899838852,0.7207169167621039,0.07062146892655367,0.4385964912280702,,3.098,2011-04,19,-0.009482553218948642,0.15758212408890343,-0.0598758489226906,0.17710776833224795,21.0,0.0025816666666666666,-0.06245751558935727,
2011-05-31,3001.556,0.015924828042319206,-0.05987584892269071,0.17710776833224656,0.9422761347254139,0.9962908390754782,0.9925954360257204,0.98524569961909,0.9707090886179103,0.8618773733120048,0.0749063670411985,0.46511627906976744,,3.1825,2011-05,21,-0.0598758489226906,0.17710776833224795,0.014170316995584464,0.18916396697874338,21.0,0.002652083333333333,0.011518233662251132,
2011-06-30,3044.089,0.014639175326456533,0.014170316995584908,0.18916396697874216,0.5775468961663092,0.966271573637413,0.9336807540197224,0.8717597504268373,0.7599650624642617,0.25349426334721714,0.07446016381236038,0.4484304932735426,,3.4719,2011-06,21,0.014170316995584464,0.18916396697874338,-0.023655681552017804,0.1795225964276638,21.0,0.00289325,-0.026548931552017804,
2011-07-29,2972.079,-0.0029932888337544927,-0.023655681552017582,0.1795225964276625,0.9708769104834187,0.9981544810402123,0.9963123680206555,0.992638334670926,0.9853308634582694,0.9287748182295034,0.07587253414264036,0.4566210045662101,,3.7242,2011-07,21,-0.023655681552017804,0.1795225964276638,-0.042160050254384074,0.22744183963614883,23.0,0.0031035000000000004,-0.045263550254384076,
2011-08-31,2846.776,0.0017721536804915505,-0.03707469566696875,0.23741250773120165,0.7233165490776994,0.9799592690853433,0.9603201690662801,0.9222148271154889,0.850480187351651,0.444960033342619,0.08340283569641367,0.49751243781094534,,3.8923,2011-08,23,-0.042160050254384074,0.22744183963614883,-0.09323705131699866,0.22295921779220182,21.0,0.003243583333333333,-0.09648063465033199,
2011-09-30,2581.351,-0.0026404603998554377,-0.09323705131699855,0.22295921779220076,0.8470398435705921,0.9896781679939042,0.9794628762037705,0.9593475258613626,0.9203476753763178,0.6603278257793589,0.08984725965858041,0.5319148936170213,,3.6715,2011-09,21,-0.09323705131699866,0.22295921779220182,0.044145875551212965,0.27163168506961005,16.0,0.003059583333333333,0.041086292217879634,
2011-10-31,2695.307,-0.0050608763252500966,0.00967567442024242,0.2581569456368678,0.25062546269981123,0.9171472632748688,0.8411591025325815,0.7075486357734181,0.500625071984825,0.031445823999934806,0.08912655971479501,0.5263157894736842,,3.4202,2011-10,16,0.044145875551212965,0.27163168506961005,-0.06447762722391193,0.21204692448913234,22.0,0.002850166666666666,-0.0673277938905786,
2011-11-30,2521.52,-0.033370403466421616,-0.06524996533871308,0.21685234424371566,0.7589373079698479,0.9829079978505068,0.9661081322384918,0.9333649231773471,0.871170079817855,0.5017816279665576,0.09398496240601503,0.5555555555555556,,2.9853,2011-11,22,-0.06447762722391193,0.21204692448913234,-0.06971112662203793,0.1997683495923645,22.0,0.00248775,-0.07219887662203793,
2011-12-30,2345.742,0.014874785894544607,-0.09206912954842683,0.17798893607121327,0.8695098873656188,0.9912989765553596,0.9826736609197034,0.9656475238653323,0.9324751403472474,0.7049954466643497,0.09746588693957116,0.5780346820809249,,2.8153,2011-12,22,-0.06971112662203793,0.1997683495923645,0.05052473801466695,0.35121176183854835,15.0,0.0023460833333333333,0.048178654681333616,
2012-01-31,2464.26,0.0014386033356093009,0.052502098161946176,0.3063607261718215,0.023976533744163187,0.7920209143760814,0.627297128809124,0.39350168781217076,0.15484357831102713,8.901557362099582e-05,0.09242144177449169,0.5464480874316939,,2.8406,2012-01,15,0.05052473801466695,0.35121176183854835,0.06893874834635905,0.1806171910155547,21.0,0.0023671666666666663,0.06657158167969238,
2012-02-29,2634.143,-0.010636767534422109,0.06893874834635949,0.1806171910155536,0.08714870164338043,0.8585514135220125,0.7371105296606456,0.5433319329365975,0.29520958934861924,0.002242086187794442,0.0881057268722467,0.5235602094240838,,3.0154,2012-02,21,0.06893874834635905,0.1806171910155547,-0.06804641965147651,0.20062299364986486,22.0,0.0025128333333333335,-0.07055925298480985,
2012-03-30,2454.899,0.004820471511451263,-0.06776400357719936,0.20532219473624264,0.7633492548617264,0.9832641508699947,0.9668083903860918,0.9347184637209457,0.873698606420845,0.5091059995338625,0.09319664492078285,0.5780346820809249,,2.8587,2012-03,22,-0.06804641965147651,0.20062299364986486,0.06976172950496151,0.17119070747864099,17.0,0.00238225,0.06737947950496151,
2012-04-27,2626.157,-0.002025470769948634,0.027672316569892885,0.19763859937468248,0.3827758352795994,0.9417465373643716,0.8868865406377838,0.7865677359644554,0.6186888032602492,0.09064863778725496,0.08904719501335707,0.5617977528089888,,2.905,2012-04,17,0.06976172950496151,0.17119070747864099,0.002240917051037128,0.18008974453687784,22.0,0.0024208333333333334,-0.00017991628229620553,
2012-05-31,2632.042,-0.0038663900345839997,-0.019170951824994953,0.16690385323322626,0.9277297118285516,0.995322545558075,0.9906669696962063,0.981421044847064,0.9631872672687029,0.8289983463814149,0.09225092250922509,0.5813953488372093,,2.4131,2012-05,22,0.002240917051037128,0.18008974453687784,-0.0647520062369824,0.17729377200798688,20.0,0.0020109166666666665,-0.06676292290364907,
2012-06-29,2461.612,0.014792666452023484,-0.06836803975993255,0.1728164495472202,0.9609647724539688,0.9975144984954403,0.9950351747086097,0.9900949989073934,0.9802881068614312,0.9052502812497409,0.09803921568627452,0.5988023952095809,,2.3509,2012-06,20,-0.0647520062369824,0.17729377200798688,-0.05227875067232357,0.1545291390630812,22.0,0.0019590833333333335,-0.054237834005656904,
2012-07-31,2332.922,-0.001229132889772333,-0.053672708274008385,0.15772128771674213,0.9731722816175201,0.9983018091749273,0.9966065022019329,0.9932245202311714,0.9864949475884406,0.9342741368390183,0.10090817356205853,0.6172839506172839,,2.3709,2012-07,22,-0.05227875067232357,0.1545291390630812,-0.05488996203044916,0.14489643125505722,23.0,0.0019757499999999996,-0.056865712030449156,
2012-08-31,2204.868,-0.0029402587536232483,-0.055683327894086365,0.1416262112137941,0.9463476400703159,0.9965593518158395,0.9931305416916063,0.9863082728406635,0.9728040090739326,0.8712178374088835,0.10559662090813093,0.6711409395973155,,2.8629,2012-08,23,-0.05488996203044916,0.14489643125505722,0.040019629293000625,0.2609654293250868,20.0,0.00238575,0.037633879293000626,
2012-09-28,2293.106,0.01838108430144647,0.03696170247403208,0.25495405380563285,0.11831177497502678,0.8751132270703991,0.7658231601935679,0.5864851126888632,0.3439647874056686,0.004814707683133021,0.10330578512396695,0.6535947712418301,,2.9291,2012-09,20,0.040019629293000625,0.2609654293250868,-0.01669613179678553,0.1533011009680534,18.0,0.0024409166666666668,-0.019137048463452197,
2012-10-31,2254.82,0.0066691013187303305,0.020209451468087725,0.19382752254247199,0.4652670238965989,0.953303948961095,0.9087884191048181,0.8258963906990345,0.6821048481696922,0.14765755804460476,0.10570824524312895,0.684931506849315,,3.0243,2012-10,18,-0.01669613179678553,0.1533011009680534,-0.051072369413079466,0.1549261283618134,22.0,0.0025202500000000004,-0.05359261941307947,
2012-11-30,2139.661,0.01133680204341303,-0.06885595617533347,0.13834147666966323,0.9510844974742563,0.99687038441347,0.9937505633206594,0.9875401821001277,0.9752356112623535,0.8821608032315026,0.10905125408942203,0.7092198581560284,,3.0274,2012-11,22,-0.051072369413079466,0.1549261283618134,0.17913632112750633,0.2494251626937162,21.0,0.0025228333333333335,0.176613487794173,
2012-12-31,2522.952,0.01729925497439777,0.17913632112750588,0.24942516269371542,8.162438364693477e-06,0.480826887020291,0.2311944952816237,0.05345089464852472,0.0028569981387276885,1.9034864395603632e-13,0.09532888465204957,0.6172839506172839,,3.0589,2012-12,21,0.17913632112750633,0.2494251626937162,0.06497547317586672,0.2113495692197734,20.0,0.0025490833333333333,0.06242638984253338,
2013-01-31,2686.882,-0.0006802516149930771,0.08339875542781616,0.21168046157398668,0.029880213666404948,0.802992485593264,0.6447969319192483,0.4157630834124756,0.17285894152864917,0.00015433315935814779,0.0900900900900901,0.5882352941176471,,3.0561,2013-01,20,0.06497547317586672,0.2113495692197734,-0.005044881018220759,0.25310222680328537,15.0,0.00254675,-0.00759163101822076,
2013-02-28,2673.327,0.030312058109737805,0.025262554766024792,0.24361003838621348,0.21213354803389906,0.9076388664275518,0.8238083118498911,0.6786601346729675,0.46057957839433034,0.020726376812618203,0.09165902841429881,0.5988023952095809,,3.0767,2013-02,15,-0.005044881018220759,0.25310222680328537,-0.06667497092574182,0.27961170911437533,21.0,0.002563916666666667,-0.06923888759240848,
2013-03-29,2495.083,-0.0016880713095096533,-0.0666749709257416,0.27961170911437455,0.9367381629258386,0.9959238627347516,0.9918643403645083,0.9837948696867213,0.9678523456219128,0.849269514008109,0.09900990099009901,0.6535947712418301,,3.0345,2013-03,21,-0.06667497092574182,0.27961170911437533,-0.019148461193475463,0.19905756528113996,18.0,0.00252875,-0.021677211193475463,
2013-04-26,2447.306,-0.00833470090665045,-0.049608357119279245,0.2145508681187337,0.7648378234044432,0.9833838798022767,0.9670438550549787,0.9351738175995946,0.8745500691237998,0.5115915849288667,0.10256410256410256,0.6802721088435374,,2.9665,2013-04,18,-0.019148461193475463,0.19905756528113996,0.06501843251313866,0.151403528920823,22.0,0.0024720833333333335,0.06254634917980532,
2013-05-31,2606.426,-0.010589817573623206,0.06400412468939298,0.15497937214788096,0.08611552791839511,0.8579117021643136,0.7360124887104699,0.5417143835377796,0.2934544733317165,0.002176224377135185,0.09950248756218905,0.6666666666666666,,3.0454,2013-05,22,0.06501843251313866,0.151403528920823,-0.15568713633151277,0.30267324232186926,17.0,0.0025378333333333333,-0.1582249696648461,
2013-06-28,2200.639,0.018467789895567854,-0.15346591593203074,0.2880763682532927,0.791245374162735,0.9854723624372698,0.9711557771276935,0.9431435434484944,0.889519743548582,0.5569009517066253,0.1152073732718894,0.7462686567164178,,3.2192,2013-06,17,-0.15568713633151277,0.30267324232186926,-0.0034617217998950123,0.28753012019465995,23.0,0.0026826666666666665,-0.006144388466561679,
2013-07-31,2193.021,0.0016593678233369769,-0.013034747324913165,0.30045746169264614,0.3435793470339339,0.9354093155068799,0.8749905875370496,0.7656085282784313,0.5861564185726655,0.06919387058395564,0.11415525114155252,0.7299270072992701,,3.5369,2013-07,23,-0.0034617217998950123,0.28753012019465995,0.05512441513327926,0.17560777338719663,22.0,0.002947416666666667,0.05217699846661259,
2013-08-30,2313.91,-0.001898364800926311,0.030527789703584718,0.1623357546681284,0.3398064924698443,0.9347640025903908,0.8737837405388083,0.7634980252299913,0.5829292345300966,0.06730993652598806,0.11415525114155252,0.7352941176470588,,3.8008,2013-08,22,0.05512441513327926,0.17560777338719663,0.041110933441663056,0.2071500507864516,19.0,0.003167333333333333,0.03794360010832972,
2013-09-30,2409.037,0.005873140008793243,0.03478481617280682,0.1981924004017489,0.28406273554715045,0.9243541418793448,0.8544305796095,0.7300516153718261,0.5329753611070126,0.04300665475561374,0.11086474501108648,0.7142857142857143,,3.774,2013-09,19,0.041110933441663056,0.2071500507864516,-0.01466104505659327,0.18020685178358192,18.0,0.0031450000000000002,-0.01780604505659327,
2013-10-31,2373.718,-0.01402010657656938,-0.022771229667809978,0.17993420302086569,0.9623300555299582,0.9976030152360948,0.995211776008148,0.9904464791052922,0.98098422797207,0.908469026050548,0.11574074074074073,0.7462686567164178,,3.9789,2013-10,18,-0.01466104505659327,0.18020685178358192,0.027478411504652467,0.1922993339828035,21.0,0.0033157499999999997,0.024162661504652468,
2013-11-29,2438.944,-0.00024021020442477337,0.027478411504652245,0.19229933398280238,0.36777563239245314,0.9393964928088788,0.8824657707016219,0.7787458364600075,0.6064450778037968,0.08202710370487136,0.11248593925759279,0.7299270072992701,,4.1662,2013-11,21,0.027478411504652467,0.1922993339828035,-0.04465785192280003,0.16758911594432352,22.0,0.0034718333333333333,-0.04812968525613336,
2013-12-31,2330.026,0.013293567440675114,-0.036696891170288626,0.17022316784627753,0.9909973544789848,0.999434946315331,0.9988702119163285,0.9977417002537712,0.9954885004252861,0.9776451222261798,0.1160092807424594,0.7462686567164178,,4.3378,2013-12,22,-0.04465785192280003,0.16758911594432352,-0.05475303709057322,0.16739114738715738,21.0,0.003614833333333333,-0.05836787042390655,
2014-01-30,2202.45,-0.011370507244652939,-0.05475303709057322,0.1673911473871561,0.9604639931342445,0.9974820014211763,0.9949703431591954,0.989965983766327,0.9800326490144318,0.9040713788898834,0.12195121951219513,0.7874015748031495,,3.818,2014-01,21,-0.05475303709057322,0.16739114738715738,-0.010660400917160473,0.20905335507566067,16.0,0.0031816666666666664,-0.013842067583827139,
2014-02-28,2178.971,0.011542132520746318,-0.023709960486386294,0.19252602475711078,0.9322080764784507,0.9956221588570898,0.9912634832072522,0.9826032931401744,0.9655092316899154,0.8390390098241448,0.12210012210012211,0.7874015748031495,,3.5399,2014-02,16,-0.010660400917160473,0.20905335507566067,-0.014991479923321394,0.20029206703005822,21.0,0.0029499166666666667,-0.01794139658998806,
2014-03-31,2146.305,-0.0026301543008367956,-0.014991479923321727,0.20029206703005717,0.8283485642918577,0.9882989187872036,0.9767347528759556,0.954010777475654,0.9101365635397017,0.6245005276295257,0.12330456226880396,0.8130081300813008,,3.4055,2014-03,21,-0.014991479923321394,0.20029206703005822,0.005755938694640417,0.16467237107480345,21.0,0.002837916666666667,0.0029180220279737498,
2014-04-30,2158.659,8.756202309978534e-05,0.005755938694640417,0.16467237107480212,0.6390126507322877,0.9723986360607684,0.9455591074128425,0.8940820256113715,0.7993826685213332,0.3264176548491337,0.12562814070351758,0.8474576271186441,,3.724,2014-04,21,0.005755938694640417,0.16467237107480345,-0.0010168349887591521,0.13034546585484638,20.0,0.0031033333333333334,-0.004120168322092485,
2014-05-30,2156.464,0.000603202354901855,-0.0009293620017882809,0.12704558067117794,0.4876026444684051,0.9561017833851231,0.9141306201922128,0.8356347907729996,0.6982855035502349,0.16602180482586684,0.12468827930174564,0.8403361344537815,,3.671,2014-05,20,-0.0010168349887591521,0.13034546585484638,0.004013050994591483,0.12338184691461525,20.0,0.0030591666666666666,0.0009538843279248161,
2014-06-30,2165.118,0.006910798611143409,0.004618674031303227,0.12026473547050764,0.3886061743451729,0.9426367254957548,0.8885639962533591,0.7895459754377396,0.6233828473299317,0.09414001029167952,0.12269938650306748,0.8064516129032259,,3.6031,2014-06,20,0.004013050994591483,0.12338184691461525,0.08550711785685583,0.13880447354662145,23.0,0.0030025833333333332,0.0825045345235225,
2014-07-31,2350.251,0.01216187175685235,0.08263242289831663,0.14486625124688166,0.023953368900945224,0.7919730671905797,0.6272213391552545,0.39340660829171076,0.15476875944758756,8.880072418727955e-05,0.1146788990825688,0.7352941176470588,,3.8738,2014-07,23,0.08550711785685583,0.13880447354662145,-0.005090520118914976,0.1415273734093737,21.0,0.003228166666666667,-0.008318686785581644,
2014-08-29,2338.287,0.011685742693003709,-0.005090520118915087,0.1415273734093721,0.640378458728471,0.9725284047203396,0.9458114979878887,0.894559389726094,0.8002365017471216,0.32816464204012963,0.1183431952662722,0.78125,,3.9032,2014-08,21,-0.005090520118914976,0.1415273734093737,0.048198103996644814,0.14570758863647063,21.0,0.0032526666666666663,0.04494543732997815,
2014-09-30,2450.988,0.0013028030487796105,0.048198103996643704,0.14570758863646907,0.14033922661531187,0.8845017417011019,0.7823433310722827,0.6120610876732754,0.3746187750437928,0.007378153684545501,0.11441647597254004,0.7518796992481203,,3.8117,2014-09,21,0.048198103996644814,0.14570758863647063,0.023393423386813605,0.1500112428784043,18.0,0.0031764166666666664,0.020217006720146938,
2014-10-31,2508.325,0.015958362445193552,0.02928232453071744,0.13878067879141262,0.2651716687242652,0.9203869348369508,0.8471121098185574,0.7175989266012477,0.5149482194592628,0.03620910615419397,0.11376564277588169,0.7692307692307692,,3.3977,2014-10,18,0.023393423386813605,0.1500112428784043,0.11979867042747627,0.17330242718984615,20.0,0.0028314166666666665,0.1169672537608096,
2014-11-28,2808.819,0.01972379641966393,0.13766882347580411,0.17259079500670965,0.00041130317961390254,0.6143065262381692,0.3773725081788064,0.14241000992916333,0.020280610928024394,3.430877147647629e-09,0.1017293997965412,0.684931506849315,,3.1644,2014-11,20,0.11979867042747627,0.17330242718984615,0.25807501302148705,0.36524254820910557,23.0,0.002637,0.25543801302148705,
2014-12-31,3533.705,0.022024529479510724,0.20854224094885665,0.37018964520582015,1.0017379387929344e-05,0.48702037710735824,0.23718884771779342,0.05625854948169459,0.0031650243897842784,3.1760351868580287e-13,0.07849293563579278,0.5319148936170213,,3.3082,2014-12,23,0.25807501302148705,0.36524254820910557,-0.028105062533516523,0.3875056704868053,20.0,0.0027568333333333334,-0.030861895866849856,
2015-01-30,3434.39,-0.013615953596389008,-0.006699533832298821,0.3861208774141487,0.23883934259857606,0.9143903133686928,0.8361096451824963,0.6990793387671999,0.48871192189118534,0.02787819604480756,0.08025682182985554,0.5434782608695652,,3.1553,2015-01,20,-0.028105062533516523,0.3875056704868053,0.0403137092758834,0.23247469824308836,15.0,0.0026294166666666666,0.037684292609216734,
2015-02-27,3572.843,0.0018360791802136678,0.0014659661796276868,0.21976510952934933,0.5310971036559374,0.9612212665970405,0.923946323358419,0.85367680844754,0.728764093281178,0.20555821250581377,0.078064012490242,0.53475935828877,27.04,3.0786,2015-02,15,0.0403137092758834,0.23247469824308836,0.13388805497470813,0.21609849089312927,22.0,0.0025654999999999996,0.13132255497470813,0.050634890470650645
2015-03-31,4051.204,-0.009044126747905668,0.12493915332528993,0.22129863958630747,0.0012094952371906622,0.6571473488614352,0.43184263811561285,0.18648806409465218,0.034777798049771096,5.08757010010565e-08,0.06915629322268325,0.4926108374384237,30.09,3.2651,2015-03,22,0.13388805497470813,0.21609849089312927,0.1724628036504705,0.22853216669582355,21.0,0.0027209166666666666,0.16974188698380385,0.07960136041369253
2015-04-30,4749.886,-0.005119047170218272,0.1724628036504703,0.22853216669582255,1.729652220677831e-05,0.5039325651976402,0.2539480302666739,0.06448960207632351,0.00415890877596255,1.2442194095236523e-12,0.06031363088057902,0.4464285714285714,46.55,2.9479,2015-04,21,0.1724628036504705,0.22853216669582355,0.019146354249343966,0.39382913259363983,20.0,0.0024565833333333336,0.01668977091601063,0.23696783330417742
2015-05-29,4840.829,0.0014112515765907219,0.0139292959885855,0.38448988882106405,0.2420095823445573,0.915144207479996,0.83748892048419,0.7013876919337738,0.4919446943961865,0.028812530695834657,0.06119951040391677,0.45248868778280543,47.29,2.4457,2015-05,20,0.019146354249343966,0.39382913259363983,-0.07598512568818216,0.5553388959484375,21.0,0.002038083333333333,-0.0780232090215155,0.08841011117893594
2015-06-30,4472.998,0.06714677557151294,-0.07598512568818283,0.5553388959484371,0.053318130683913244,0.8325871085799963,0.6932012933735986,0.48052803313482984,0.23090719062842813,0.0006564282861521486,0.062073246430788334,0.4629629629629629,59.21,2.343,2015-06,21,-0.07598512568818216,0.5553388959484375,-0.14672463524463886,0.6083954374130538,23.0,0.0019525,-0.14867713524463885,0.036761104051562854
2015-07-31,3816.699,0.0003373161273279024,-0.07090975745838113,0.6090927107239976,0.013011406438609046,0.7623339570255,0.5811530620341568,0.3377388815116765,0.1140675520847583,1.9311259861076713e-05,0.0723589001447178,0.5208333333333334,40.17,2.5707,2015-07,23,-0.14672463524463886,0.6083954374130538,-0.11794563836446081,0.6052924497310137,21.0,0.00214225,-0.12008788836446081,-0.20739271072399762
2015-08-31,3366.536,0.007255513142801151,-0.11794563836446104,0.6052924497310134,0.002015377060864611,0.6784569090364021,0.4603037774192288,0.21187956750641093,0.044892951126703745,1.8234370619218751e-07,0.0855431993156544,0.6172839506172839,62.28,2.6069,2015-08,21,-0.11794563836446081,0.6052924497310137,-0.04859238101122354,0.3428716574935873,20.0,0.0021724166666666667,-0.05076479767789021,0.01750755026898665
2015-09-30,3202.948,0.007579461025891687,-0.0416894305274893,0.33581386410695224,0.3572403686770818,0.9376916162231254,0.879265567135137,0.7731079375494743,0.5976958831020018,0.07627835563986737,0.08912655971479501,0.6451612903225806,30.65,2.6715,2015-09,20,-0.04859238101122354,0.3428716574935873,0.10338319573093346,0.25502289580792575,17.0,0.00222625,0.10115694573093346,-0.029313864106952248
2015-10-30,3534.079,0.0002184921944230478,0.07582346295995834,0.2552353727604436,0.023092837590440878,0.7901641674907949,0.6243594115864209,0.3898246748365418,0.15196327711141558,8.103884694199331e-05,0.08038585209003216,0.5988023952095809,28.96,2.548,2015-10,17,0.10338319573093346,0.25502289580792575,0.009148918289602292,0.30448079029471786,21.0,0.0021233333333333334,0.0070255849562689595,0.03436462723955641
2015-11-30,3566.412,0.0026483050847456724,0.009148918289602292,0.30448079029471714,0.16574032881413003,0.8937463110508491,0.7987824685170012,0.638053432010114,0.40711218209988514,0.011183313260530707,0.08058017727639001,0.6024096385542169,34.53,2.715,2015-11,21,0.009148918289602292,0.30448079029471786,0.0461508653515077,0.24052801153974668,23.0,0.0022624999999999998,0.0438883653515077,0.040819209705282855
2015-12-31,3731.005,-0.009075275385606263,0.0024315178447886776,0.21832831704055117,0.5605933273223699,0.964473934927572,0.9302099711546744,0.8652905904355802,0.748727805896355,0.23529885305318787,0.07686395080707148,0.5747126436781609,27.95,2.4235,2015-12,23,0.0461508653515077,0.24052801153974668,-0.2103762927146977,0.5124457790185535,20.0,0.0020195833333333337,-0.21239587604803103,0.0611716829594488
2016-01-29,2946.09,0.03235525391799454,-0.21754234530931493,0.49952632959428195,0.7921065038505392,0.9855393602134609,0.9712878305299577,0.9434000497355919,0.8900036538411172,0.5584174075031152,0.09551098376313276,0.7194244604316548,38.95,2.4772,2016-01,20,-0.2103762927146977,0.5124457790185535,-0.02329290686978336,0.3422712352850241,16.0,0.0020643333333333334,-0.025357240203116693,-0.11002632959428194
2016-02-29,2877.467,-0.023935976249910507,-0.07579855614150544,0.3910943923868835,0.08268264447047298,0.8557332309339855,0.7322793625247176,0.5362330647796067,0.28754589976293,0.0019657844528246727,0.09746588693957116,0.7407407407407407,32.63,2.416,2016-02,16,-0.02329290686978336,0.3422712352850241,0.11837529327008856,0.22913785330728323,23.0,0.0020133333333333336,0.11636195993675522,-0.06479439238688345
2016-03-31,3218.088,0.0005636955795136345,0.05464988580400765,0.1935611093385115,0.14596557294295323,0.8866774268282979,0.7861968592468516,0.6181055014896137,0.38205441097172693,0.008140031598464282,0.08741258741258742,0.6802721088435374,30.96,2.1848,2016-03,23,0.11837529327008856,0.22913785330728323,-0.019061939884801204,0.13975480164512313,20.0,0.0018206666666666666,-0.02088260655146787,0.11603889066148848
2016-04-29,3156.745,-0.0012137008986640163,-0.01850898943653767,0.13631371251652774,0.7328904695514923,0.9807649618473394,0.9618999103874132,0.9252514376033134,0.8560902227869983,0.4598304061725176,0.08833922261484099,0.7142857142857143,23.58,2.4384,2016-04,20,-0.019061939884801204,0.13975480164512313,0.00405956135196206,0.18769875263405963,21.0,0.0020320000000000004,0.0020275613519620595,0.09948628748347224
2016-05-31,3169.56,0.03353756957782106,0.004059561351962282,0.18769875263405883,0.6850108666352326,0.9766323174817229,0.9538106835497207,0.9097548200535853,0.8276538326107313,0.3883681912273509,0.08802816901408451,0.7142857142857143,21.51,2.4638,2016-05,21,0.00405956135196206,0.18769875263405963,-0.004934123348350861,0.1555382548834161,20.0,0.0020531666666666667,-0.006987290015017527,0.027401247365941184
2016-06-30,3153.921,0.0008031376630630582,0.02843796772436913,0.19142163313125532,0.3720351476409969,0.9400728242226507,0.8837369148419507,0.7809909346543693,0.6099468400123054,0.08442283427702936,0.08795074758135445,0.7042253521126761,18.58,2.4869,2016-06,20,-0.004934123348350861,0.1555382548834161,0.015856135901945123,0.13039759572447548,21.0,0.0020724166666666664,0.013783719235278456,-0.005621633131255327
2016-07-29,3203.93,-0.005341902564218848,0.015856135901945567,0.13039759572447435,0.38907807610396794,0.9427082276596784,0.888698802497252,0.7897855615600498,0.6237612332487231,0.09442606663768932,0.08547008547008547,0.6802721088435374,18.75,2.3628,2016-07,21,0.015856135901945123,0.13039759572447548,0.03866002066212437,0.13659765815436598,23.0,0.001969,0.036691020662124374,0.05710240427552565
2016-08-31,3327.794,0.004772663660817411,0.04350539172600776,0.13830808480353687,0.18094887124067138,0.898663788856088,0.8075966054011795,0.6522122770555084,0.4253808543419313,0.013928030072397861,0.08090614886731393,0.6666666666666666,20.47,2.2393,2016-08,23,0.03866002066212437,0.13659765815436598,-0.02238990754836423,0.11369815411943233,20.0,0.0018660833333333333,-0.024255990881697564,0.06639191519646312
2016-09-30,3253.285,0.002742582805318694,-0.01772410338567154,0.11267548134697944,0.5044480062033951,0.9581335013098553,0.9180198063322826,0.8427603648183616,0.710245032508778,0.18073448446465495,0.08298755186721991,0.684931506849315,16.31,2.2609,2016-09,20,-0.02238990754836423,0.11369815411943233,0.025510522441163586,0.0971679356465732,16.0,0.0018840833333333333,0.02362643910783025,0.050424518653020556
2016-10-31,3336.278,-0.0011520523477259736,0.018503407092357094,0.10919195501405103,0.2527608535980547,0.9176337184450282,0.8420516412272492,0.709050966493504,0.5027532730853721,0.03211992580190458,0.08278145695364239,0.6993006993006994,16.11,2.2507,2016-10,16,0.025510522441163586,0.0971679356465732,0.06046348655597655,0.09066487971549289,22.0,0.0018755833333333335,0.05858790322264322,0.05190804498594896
2016-11-30,3538.001,-0.007306034724638311,0.0532736617355134,0.09167898874739823,0.05127717067517226,0.830558550078062,0.6898275051077727,0.47586198680321423,0.2264446304843024,0.0005954017889118628,0.0784313725490196,0.6622516556291391,16.39,2.4248,2016-11,22,0.06046348655597655,0.09066487971549289,-0.0644205583887626,0.12859036513308397,22.0,0.0020206666666666667,-0.06644122505542926,0.07222101125260179
2016-12-30,3310.081,0.0037346505891111548,-0.0715154068570415,0.1259767422479757,0.9215614077548847,0.9949076436598854,0.9898412194128654,0.9797856396487483,0.9599798996619068,0.8152873404093959,0.08123476848090982,0.684931506849315,17.22,2.7042,2016-12,22,-0.0644205583887626,0.12859036513308397,0.023528125142556533,0.07531210187411702,18.0,0.0022535,0.021274625142556534,0.046223257752024294
2017-01-26,3387.961,0.0035714878148194185,0.02158253640635799,0.07323420009733739,0.09474578000272424,0.8630480829603937,0.7448519935016106,0.5548044922233233,0.3078080245911796,0.0027631196334101335,0.0782472613458529,0.6666666666666666,11.32,2.7737,2017-01,18,0.023528125142556533,0.07531210187411702,0.019141011363472238,0.0902071629192102,18.0,0.0023114166666666665,0.01682959469680557,0.03996579990266262
2017-02-28,3452.81,0.0019113678946487411,0.02637540534844418,0.0840648407228386,0.11256349053319878,0.872393351150909,0.7610701591323132,0.5792277871216847,0.33550482937388365,0.004251027159813457,0.07710100231303006,0.6535947712418301,11.94,2.8328,2017-02,18,0.019141011363472238,0.0902071629192102,0.0009372076656402051,0.08167188286367284,23.0,0.0023606666666666667,-0.0014234590010264617,0.035335159277161396
2017-03-31,3456.046,0.005612265978576225,0.006098810630037699,0.08189344052554987,0.17848167401836568,0.8978930333157222,0.8062118992769087,0.6499776265356805,0.42247091499695655,0.013458110089905231,0.07782101167315175,0.6622516556291391,9.65,2.9308,2017-03,23,0.0009372076656402051,0.08167188286367284,-0.004714346973390793,0.08511056276669962,18.0,0.0024423333333333332,-0.007156680306724126,0.014606559474450137
2017-04-28,3439.753,-0.002021342029523643,-0.008662148262339575,0.0860030044044916,0.2562414987068499,0.918418433036153,0.8434924181405827,0.7114794594606476,0.5062030212344153,0.03323714137821783,0.07880220646178093,0.6756756756756757,9.13,3.2148,2017-04,18,-0.004714346973390793,0.08511056276669962,0.01544645792881072,0.09882048110418143,20.0,0.0026789999999999995,0.01276745792881072,0.005296995595508405
2017-05-31,3492.885,0.0035771390645136236,0.013393893324668227,0.09680765329492635,0.2211789185812543,0.9100106671324417,0.8281194142948317,0.6857817643320151,0.4702966282903316,0.02300696468142936,0.07782101167315175,0.6666666666666666,12.03,3.5606,2017-05,20,0.01544645792881072,0.09882048110418143,0.04979064584147519,0.10733597529470798,22.0,0.0029671666666666666,0.04682347917480852,0.023492346705073636
2017-06-30,3666.798,-0.0005533102124166689,0.04833409477782502,0.10994394115405387,0.09086073732192343,0.8607925825954683,0.7409638702513761,0.5490274570178981,0.3014311485595399,0.002488517171366684,0.07468259895444361,0.6329113924050632,14.4,3.494,2017-06,22,0.04979064584147519,0.10733597529470798,0.019383396631066363,0.10414558951497707,21.0,0.0029116666666666666,0.016471729964399696,0.03405605884594615
2017-07-31,3737.873,0.00429405374848435,0.01938339663106614,0.10414558951497559,0.221250550382549,0.9100290842949647,0.828152934262732,0.6858372825279728,0.47037277810535444,0.023025597002463982,0.07256894049346879,0.6060606060606061,15.75,3.4638,2017-07,21,0.019383396631066363,0.10414558951497707,0.022531530632527996,0.1200539689883808,23.0,0.0028865,0.019645030632527996,0.053354410485024414
2017-08-31,3822.093,-0.0031838919271074406,0.01628353993096776,0.12222957870224092,0.3322436482610588,0.9334499632373023,0.8713288338677211,0.7592139367292827,0.5764058017239754,0.06362703964736417,0.07204610951008646,0.6060606060606061,14.59,3.4795,2017-08,23,0.022531530632527996,0.1200539689883808,0.003769662328990453,0.04341930607915826,21.0,0.0028995833333333334,0.0008700789956571195,0.02367042129775908
2017-09-29,3836.501,0.0036525461218315236,0.003769662328991119,0.04341930607915464,0.05511346339107136,0.8343122234804099,0.6960768862488255,0.4845230315698603,0.23476256812164786,0.0007130898561657897,0.07230657989877079,0.6060606060606061,11.12,3.5262,2017-09,21,0.003769662328990453,0.04341930607915826,0.04436777157102245,0.06714579508263006,17.0,0.0029384999999999997,0.041429271571022455,0.06778069392084535
2017-10-31,4006.718,-0.000749179120148602,0.0494856712990126,0.06150032215858044,0.02445174413055759,0.7929930209633176,0.6288379312965285,0.3954371438372976,0.15637053472619958,9.349203358904221e-05,0.07225433526011561,0.6060606060606061,10.93,3.6266,2017-10,17,0.04436777157102245,0.06714579508263006,-0.00015449053314897654,0.1540583651682884,22.0,0.0030221666666666665,-0.003176657199815643,0.04779967784141956
2017-11-30,4006.099,-0.011755526298716235,0.002371252522755496,0.1575890338025715,0.6581575449812131,0.9741943725196395,0.9490546754489341,0.9007047769914815,0.8112690952952745,0.35141853248014404,0.0724112961622013,0.6097560975609756,16.8,3.6959,2017-11,22,-0.00015449053314897654,0.1540583651682884,0.006179577688918414,0.13896842125053785,21.0,0.0030799166666666666,0.0030996610222517474,0.010410966197428512
2017-12-29,4030.855,0.0029754432621686977,0.006179577688918858,0.13896842125053666,0.522579469339814,0.9602504546676723,0.9220809356894715,0.8502332519619713,0.722896582741829,0.19741532303684772,0.07117437722419928,0.6024096385542169,14.27,3.7847,2017-12,21,0.006179577688918414,0.13896842125053785,0.06079206520700864,0.11414091931595767,22.0,0.0031539166666666664,0.05763814854034197,0.003731578749463338
2018-01-31,4275.899,0.004651439274716784,0.04611683561265467,0.10949362509299918,0.09410705440987228,0.8626832906524564,0.7442224599709506,0.5538670699252132,0.306768731147541,0.002716786121938001,0.06583278472679395,0.5586592178770949,17.15,3.5289,2018-01,22,0.06079206520700864,0.11414091931595767,-0.05899507916346969,0.2835745209233364,15.0,0.0029407500000000002,-0.06193582916346969,0.06200637490700081
2018-02-28,4023.642,-0.008706372362915826,-0.08190798503084817,0.24796581916322433,0.9911636873546776,0.9994454298076813,0.9988911671634607,0.9977835638371807,0.9955720402636253,0.9780554033304083,0.0708215297450425,0.5988023952095809,25.97,3.3504,2018-02,15,-0.05899507916346969,0.2835745209233364,-0.03110217062054721,0.1642752191394972,22.0,0.0027919999999999998,-0.03389417062054721,0.01173418083677566
2018-03-30,3898.498,0.0011422554923536943,-0.03719061536356594,0.16598658443128864,0.980850879486365,0.9987923023763513,0.9975860632862528,0.9951779536629636,0.9903791594568037,0.9528125406613555,0.07479431563201197,0.6289308176100629,24.85,3.4217,2018-03,22,-0.03110217062054721,0.1642752191394972,-0.03632706750138126,0.17936812823228257,18.0,0.0028514166666666666,-0.03917848416804793,0.08251341556871139
2018-04-27,3756.877,0.00036826047385507543,-0.03996454115472248,0.18351292692954316,0.9886922551327479,0.9992894923118217,0.9985794894448184,0.9971609967398744,0.9943300534192597,0.9719699324091781,0.07849293563579278,0.6578947368421053,23.39,3.1038,2018-04,18,-0.03632706750138126,0.17936812823228257,0.012110856969764772,0.1585211291303126,22.0,0.0025865,0.009524356969764771,0.05038707307045684
2018-05-31,3802.376,0.021218400954833516,0.010290553362351407,0.16237662971945305,0.561468883222098,0.964568013066911,0.9303914518318485,0.8656282536417748,0.7493122735029089,0.23621867619396109,0.0796812749003984,0.6666666666666666,20.27,3.2674,2018-05,22,0.012110856969764772,0.1585211291303126,-0.07663392573485583,0.20831526061253702,20.0,0.0027228333333333336,-0.07935675906818916,0.040323370280546944
2018-06-29,3510.985,0.025546468757649432,-0.05704157414300792,0.22089478020319445,0.7666067977088231,0.9835258786670755,0.9673231540078429,0.935714084279681,0.8755608475193618,0.5145548367320374,0.0846740050804403,0.6944444444444444,21.16,3.2568,2018-06,20,-0.07663392573485583,0.20831526061253702,0.0019003214197725882,0.20917640241383717,22.0,0.002714,-0.0008136785802274117,-0.009294780203194436
2018-07-31,3517.657,0.000733411681501428,0.03218725315173532,0.18559689482781144,0.2979203078392261,0.9271099813460741,0.859532917511518,0.7387968362858619,0.5458207653059987,0.04844514611748975,0.08382229673093043,0.6711409395973155,21.94,2.9243,2018-07,22,0.0019003214197725882,0.20917640241383717,-0.052066759209325686,0.24099336651786152,23.0,0.0024369166666666667,-0.05450367587599235,0.03380310517218857
2018-08-31,3334.504,-0.004950622095351576,-0.01081413651549501,0.232458611235572,0.554244524601997,0.9637876084396939,0.9288865541819047,0.8628302305399326,0.7444760067335932,0.22869334590732715,0.09017132551848513,0.7194244604316548,22.42,3.0718,2018-08,23,-0.052066759209325686,0.24099336651786152,0.031297308385294986,0.20405245861490062,19.0,0.0025598333333333337,0.028737475051961652,-0.008258611235571978
2018-09-28,3438.865,0.01036405677534602,0.015440678396515084,0.19921600808916406,0.47156250010890693,0.9541050704467563,0.9103164854522099,0.8286761036860635,0.6867040848203154,0.1527032055555654,0.08635578583765112,0.6896551724137931,21.78,3.1897,2018-09,19,0.031297308385294986,0.20405245861490062,-0.08288839486283983,0.37744849864777463,18.0,0.0026580833333333335,-0.08554647819617317,0.018583991910835956
2018-10-31,3153.823,0.014005898540347506,-0.06686216123775235,0.35550664485949834,0.26782880018063965,0.9209606612311316,0.8481685395352832,0.7193898714574152,0.5175217871555164,0.03712301060374839,0.09433962264150944,0.7751937984496123,31.1,2.9415,2018-10,18,-0.08288839486283983,0.37744849864777463,0.005982263430763801,0.21415283721637007,22.0,0.00245125,0.0035310134307638013,-0.044506644859498345
2018-11-30,3172.69,0.011166304506488034,-0.0013673130347361395,0.21796180328114223,0.5804168197709638,0.9665709743056726,0.9342594483702172,0.8728407168690225,0.7618509170244293,0.25665514409872375,0.09578544061302682,0.7874015748031495,24.9,2.6965,2018-11,22,0.005982263430763801,0.21415283721637007,-0.05107211861228145,0.17956654673678382,20.0,0.002247083333333333,-0.05331920194561478,0.03103819671885777
2018-12-28,3010.654,0.00673732137638261,-0.040476100934009884,0.18136131725211968,0.9900683896164233,0.9993763659269383,0.9987531207733337,0.9975077962544733,0.9950218035884557,0.9753556116866722,0.09910802775024777,0.8,22.71,2.7224,2018-12,20,-0.05107211861228145,0.17956654673678382,0.06343439000296991,0.1586149011584799,22.0,0.0022686666666666667,0.06116572333630324,0.045738682747880316
2019-01-31,3201.633,0.010462420028764408,0.07815971187408133,0.15106567083150782,0.027825477651004807,0.7994248870865681,0.6390801500933723,0.4084234382433672,0.16680970490653357,0.0001291536161391176,0.0931098696461825,0.7575757575757576,18.03,2.5962,2019-01,22,0.06343439000296991,0.1586149011584799,0.14609325928362193,0.30848860850879545,15.0,0.0021635,0.14392975928362192,0.029234329168492196
2019-02-28,3669.37,-0.0024527021589868525,0.16819741659882848,0.26719194290587334,4.321850203331352e-06,0.4620929651039601,0.21352990839856967,0.04559502178070155,0.0020789060111826487,3.883061554558419e-14,0.08291873963515754,0.6802721088435374,29.13,2.6035,2019-02,15,0.14609325928362193,0.30848860850879545,0.05531494507231516,0.2779238925442841,21.0,0.0021695833333333333,0.05314536173898182,0.024108057094126667
2019-03-29,3872.341,0.03860803375178867,0.055314945072314936,0.2779238925442835,0.033359805922668365,0.8085399247291386,0.6537368098810011,0.42737181659338824,0.18264666961833267,0.0002032632140373358,0.08,0.6622516556291391,27.33,2.5852,2019-03,21,0.05531494507231516,0.2779238925442841,0.010554339093587606,0.212947701520314,21.0,0.002154333333333333,0.008400005760254273,-0.0046238925442835255
2019-04-30,3913.211,0.003301512126910211,0.01055433909358694,0.21294770152031312,0.4731628695819012,0.9543071243733869,0.910702087629803,0.8293782924132814,0.6878683519263705,0.15400209981288898,0.08149959250203749,0.684931506849315,25.59,2.8918,2019-04,21,0.010554339093587606,0.212947701520314,-0.07242696598777831,0.3155078057799529,20.0,0.0024098333333333333,-0.07483679932111165,0.0429522984796869
2019-05-31,3629.789,-0.003129202789313168,-0.06936457236739202,0.3084367651197511,0.9450564566203655,0.9964743166926385,0.9929610638280609,0.9859716742785544,0.9721401424796559,0.8682491841182113,0.08710801393728222,0.7299270072992701,22.37,2.8155,2019-05,20,-0.07242696598777831,0.3155078057799529,0.053941978445578576,0.18908322559686552,19.0,0.00234625,0.051595728445578574,-0.08473676511975109
2019-06-28,3825.587,-0.0024068945141320075,0.04412718765668022,0.18308379843409817,0.1823198736909424,0.8990878436337296,0.8083589505699498,0.6534441929665504,0.4269893133217065,0.01419335378740667,0.0818330605564648,0.6756756756756757,27.95,2.8484,2019-06,19,0.053941978445578576,0.18908322559686552,0.0025543792364415285,0.15576208970193914,23.0,0.0023736666666666667,0.00018071256977486181,0.0964162015659018
2019-07-31,3835.359,-0.009032591120419653,-0.025858681707592424,0.12586455040157496,0.6586921048870097,0.9742438066457466,0.949150994787595,0.9008876109062811,0.811598487484427,0.3521325283421216,0.08237232289950576,0.6756756756756757,19.98,2.7577,2019-07,23,0.0025543792364415285,0.15576208970193914,-0.009327158161726357,0.17202840249648493,22.0,0.002298083333333333,-0.011625241495059689,0.07393544959842505
2019-08-30,3799.586,0.002479824874076053,-0.0010209101217862893,0.17389729673127527,0.7269515526877677,0.9802663434304378,0.960922104062481,0.9233712900758656,0.8526145393363684,0.4505714516545262,0.08547008547008547,0.6896551724137931,19.26,2.7013,2019-08,22,-0.009327158161726357,0.17202840249648493,0.0039325337023561335,0.1312163763089002,20.0,0.0022510833333333332,0.0016814503690228003,0.018702703268724752
2019-09-30,3814.528,-0.00989577831172439,0.006422110571325357,0.12813140665742592,0.4344928177994383,0.9492353706101768,0.9010477888174397,0.8118871177327974,0.6591606919404693,0.12443899781470671,0.08532423208191126,0.6896551724137931,17.76,2.7203,2019-09,20,0.0039325337023561335,0.1312163763089002,0.01893392839166408,0.10426589002287968,18.0,0.0022669166666666666,0.016667011724997412,0.049468593342574085
2019-10-31,3886.752,-0.001149766166241739,0.004073382891791821,0.10761375091406071,0.3175510894174188,0.9308149510264668,0.8664164730544037,0.7506775047800324,0.5635167161827755,0.05682428992691806,0.0856898029134533,0.7042253521126761,14.67,2.7664,2019-10,18,0.01893392839166408,0.10426589002287968,-0.014943325429561782,0.12933841373305885,21.0,0.0023053333333333333,-0.017248658762895115,0.03908624908593929
2019-11-29,3828.671,-0.008707758039698144,-0.014943325429561782,0.12933841373305738,0.6335589445713886,0.9718778609717678,0.9445465766470588,0.8921682354556781,0.7959641603560983,0.31949757532888556,0.08726003490401396,0.7142857142857143,14.04,2.6818,2019-11,21,-0.014943325429561782,0.12933841373305885,0.06997493386086284,0.11177851022115388,22.0,0.002234833333333333,0.0677401005275295,0.011061586266942619
2019-12-31,4096.582,0.0036625046886873402,0.06791423176755096,0.11445958367595761,0.02928872791351729,0.8019896837408846,0.6431874528268042,0.4136900994738325,0.17113949840266943,0.00014680852451400217,0.08130081300813008,0.6666666666666666,15.25,2.4784,2019-12,22,0.06997493386086284,0.11177851022115388,-0.02262398262746812,0.1835298999664866,16.0,0.0020653333333333335,-0.024689315960801452,0.038040416324042384
2020-01-23,4003.901,-0.030985512584793873,0.002740574781903371,0.17192177374044765,0.6684595127288644,0.9751405002561249,0.9508989952397655,0.9042088991479956,0.81759373329843,0.3653320468397952,0.08361204013377926,0.6896551724137931,17.37,2.4793,2020-01,16,-0.02262398262746812,0.1835298999664866,-0.015947447252067093,0.3666234081516778,20.0,0.0020660833333333334,-0.018013530585400426,0.0017782262595523735
2020-02-28,3940.049,-0.03545444219114613,-0.04643882000933697,0.3725775359469412,0.46144995069581396,0.9528132496657998,0.9078530887387017,0.824197230732401,0.6793010751469586,0.14464769245573106,0.08643042350907519,0.7092198581560284,24.14,2.2545,2020-02,20,-0.015947447252067093,0.3666234081516778,-0.06443930012037913,0.3391683772344044,22.0,0.0018787500000000002,-0.06631805012037913,-0.1311775359469412
2020-03-31,3686.155,0.0032780718927654107,-0.09423648034015564,0.3224313325325516,0.6210923383937972,0.9706714604554946,0.9422030841428028,0.8877466517682095,0.7880941177256668,0.30401179238391274,0.09216589861751152,0.7575757575757576,31.44,1.9053,2020-03,22,-0.06443930012037913,0.3391683772344044,0.06142498077264813,0.15131030238981272,21.0,0.00158775,0.05983723077264813,-0.00803133253255156
2020-04-30,3912.577,0.011777766514474264,0.06142498077264791,0.1513103023898117,0.06705924039001775,0.8446050316344965,0.713357659462309,0.5088791503135436,0.25895798962383404,0.0011645189877033983,0.08496176720475786,0.7407407407407407,21.47,1.3725,2020-04,21,0.06142498077264813,0.15131030238981272,-0.011642965748660972,0.1291670522431113,18.0,0.00114375,-0.012786715748660972,0.06338969761018831
2020-05-29,3867.023,0.0026943198106534894,0.011576425360779075,0.12961142301225143,0.38564416775733296,0.9421860569325011,0.8877145658780142,0.7880371504719913,0.621002550524016,0.09235638369934164,0.08620689655172414,0.7518796992481203,19.91,1.8545,2020-05,18,-0.011642965748660972,0.1291670522431113,0.07678800979461453,0.14254478825605674,20.0,0.0015454166666666665,0.07524259312794787,0.06948857698774857
2020-06-30,4163.964,0.013199938876554906,0.07968922106127829,0.138983050372236,0.01973751551987935,0.7824485323638704,0.6122257057983747,0.3748203148403181,0.14049026841699516,5.473072627698634e-05,0.08077544426494346,0.6993006993006994,17.98,2.2446,2020-06,20,0.07678800979461453,0.14254478825605674,0.12754240910824421,0.3587426129965382,23.0,0.0018705,0.12567190910824422,0.040816949627764026
2020-07-31,4695.046,0.008353466199872095,0.08284452050292379,0.3679574940304898,0.04223743236073633,0.8205519734947616,0.6733055412061479,0.45334035181890375,0.20551747458728742,0.0003666433169697288,0.07315288953913679,0.6211180124223602,30.72,2.4696,2020-07,23,0.12754240910824421,0.3587426129965382,0.025807840860345266,0.18096484129658283,21.0,0.002058,0.023749840860345265,-0.0607574940304898
2020-08-31,4816.215,-0.0057903520967577116,0.025807840860345044,0.180964841296582,0.35346179050393084,0.9370686412376632,0.8780976383910004,0.7710554625478522,0.5945265263248822,0.07427731267503757,0.06920415224913495,0.591715976331361,26.65,2.7775,2020-08,21,0.025807840860345266,0.18096484129658283,-0.04751033747455213,0.17227591701563455,22.0,0.002314583333333333,-0.04982492080788547,0.08553515870341796
2020-09-30,4587.395,-0.0009591012150138578,-0.05260648120803235,0.1743958937419469,0.9193411523863224,0.9947576639939942,0.9895428100747883,0.9791949729707086,0.9588227950911068,0.8103856686477893,0.07209805335255949,0.6211180124223602,28.28,2.7924,2020-09,22,-0.04751033747455213,0.17227591701563455,0.023529475879012107,0.18645521689040617,16.0,0.002327,0.021202475879012108,0.1084041062580531
2020-10-30,4695.334,-0.016255457874843948,0.009244191132738333,0.17690919005695144,0.5742935559332348,0.9659304821625698,0.9330216963708146,0.8705294858986725,0.7578215858190072,0.24993947766487593,0.07183908045977011,0.6369426751592356,23.73,2.8736,2020-10,16,0.023529475879012107,0.18645521689040617,0.05642154530433863,0.1429312250869707,21.0,0.002394666666666667,0.05402687863767196,0.06039080994304857
2020-11-30,4960.252,-0.004118443652732062,0.056421545304338405,0.1429312250869696,0.07803455370097043,0.8526443811270272,0.7270024406674912,0.528532548736489,0.27934665507388917,0.0017010511668804809,0.06798096532970768,0.6097560975609756,21.16,2.9737,2020-11,21,0.05642154530433863,0.1429312250869707,0.05060972708644651,0.15484640384151346,23.0,0.0024780833333333334,0.04813164375311318,0.06866877491303042
2020-12-31,5211.289,0.019081641492841417,0.028446788082835406,0.14636399919802767,0.27384945881197575,0.9222411427599091,0.850528725399103,0.7233991127290227,0.5233062762971373,0.03924458288539369,0.06385696040868455,0.5681818181818182,20.26,2.7226,2020-12,23,0.05060972708644651,0.15484640384151346,0.026994472960528704,0.2326108612826336,20.0,0.002268833333333333,0.02472563962719537,0.05623600080197233
2021-01-29,5351.965,-0.0046824122029114346,0.04659121330869098,0.23481771540574675,0.09064709682886858,0.8606659443227458,0.7407458677169638,0.5487044405397578,0.3010765630680485,0.0024739148559942982,0.06269592476489029,0.5586592178770949,24.53,2.8206,2021-01,20,0.026994472960528704,0.2326108612826336,-0.002840825752783882,0.2641109374774933,15.0,0.0023505,-0.005191325752783882,0.010482284594253266
2021-02-26,5336.761,-0.02427929276917795,-0.04100795530037982,0.2530340844220605,0.7696104366734118,0.9837662842377941,0.9677961020030363,0.9366292950522714,0.8772744363501149,0.5196098453672447,0.06301197227473221,0.5617977528089888,24.26,2.7863,2021-02,15,-0.002840825752783882,0.2641109374774933,-0.054040268994620444,0.27154580858884486,23.0,0.002321916666666667,-0.05636218566128711,-0.01043408442206048
2021-03-31,5048.361,-0.009101171033827349,-0.05631585735835942,0.27526777223395826,0.9074794844834546,0.9939506017559773,0.9879377987310693,0.976021094161591,0.9526171762483893,0.7844983584259613,0.06844626967830253,0.5952380952380952,19.89,2.7637,2021-03,23,-0.054040268994620444,0.27154580858884486,0.014881661592742512,0.1570166638860157,21.0,0.0023030833333333336,0.012578578259409178,-0.07636777223395827
2021-04-30,5123.489,-0.007877356453671491,0.014881661592742512,0.15701666388601473,0.458980009279318,0.9524936973915792,0.9072442435706813,0.8230921174921376,0.677480633877691,0.1427198649233491,0.07396449704142012,0.6172839506172839,19.5,2.6564,2021-04,21,0.014881661592742512,0.1570166638860157,0.040613144675434976,0.1849243521414192,18.0,0.0022136666666666667,0.038399478008768306,0.03798333611398527
2021-05-31,5331.57,0.001969709583883983,0.04735272624407716,0.17618601584887533,0.14229609784552447,0.885267584091937,0.7836986954439746,0.6141836452405877,0.377221550081016,0.007638049642998028,0.07097232079488999,0.591715976331361,22.95,2.6578,2021-05,18,0.040613144675434976,0.1849243521414192,-0.02016835566259112,0.12729708732822034,21.0,0.0022148333333333334,-0.022383188995924452,0.05331398415112465
2021-06-30,5224.041,0.006453272247904707,-0.020168355662590898,0.12729708732821912,0.6345289553902796,0.9719707939316956,0.9447272242562107,0.8925095282508445,0.7965732580185451,0.3207218973555264,0.06983240223463687,0.5780346820809249,18.93,2.6608,2021-06,21,-0.02016835566259112,0.12729708732822034,-0.07903287895328537,0.22652574711382467,22.0,0.0022173333333333333,-0.0812502122866187,0.062002912671780874
2021-07-30,4811.17,-0.008062429449876451,-0.08002311429567932,0.23148726485998303,0.9110098104200564,0.9941918321966466,0.9884173992065252,0.9769689550541913,0.9544683391396784,0.792150379304788,0.07621951219512195,0.6134969325153374,20.72,2.452,2021-07,22,-0.07903287895328537,0.22652574711382467,-0.0011556440533175838,0.18850705538305224,22.0,0.002043333333333333,-0.003198977386650917,-0.024287264859983032
2021-08-31,4805.61,-0.0015914336822993036,-0.025969366824653783,0.1695726432660047,0.966645702555938,0.9978820436089213,0.9957685729571172,0.9915550508890535,0.9831814189435936,0.9186885662982918,0.08058017727639001,0.625,21.18,2.4911,2021-08,22,-0.0011556440533175838,0.18850705538305224,0.012646261348715493,0.14824944912364635,20.0,0.0020759166666666664,0.010570344682048826,0.042227356733995275
2021-09-30,4866.383,0.006714001532501124,0.011034701980150663,0.1447078736480534,0.4549377487973813,0.951967229262997,0.9062416055906677,0.8212738477035513,0.6744907329217958,0.13959823764498516,0.07930214115781127,0.6134969325153374,21.63,2.4912,2021-09,20,0.012646261348715493,0.14824944912364635,0.008710165229494082,0.13460386043266528,16.0,0.002076,0.006634165229494083,0.07159212635194659
2021-10-29,4908.77,0.009175726511049032,0.011451010839043096,0.12609589995390755,0.35102648617734195,0.9366638148717205,0.8773391020900446,0.7697239000561658,0.5924748823176742,0.07300451445320354,0.07892659826361484,0.6211180124223602,19.5,2.5858,2021-10,16,0.008710165229494082,0.13460386043266528,-0.015634059041266912,0.10238990761741626,22.0,0.0021548333333333333,-0.017788892374600247,0.06890410004609246
2021-11-30,4832.026,-0.0039982083607221774,-0.011994025376813378,0.10435528265378918,0.3693592074391829,0.9396487883878152,0.8829398455186891,0.7795827708045666,0.6077492965353254,0.08291294173796222,0.08163265306122448,0.6451612903225806,18.52,2.5028,2021-11,22,-0.015634059041266912,0.10238990761741626,0.022422685639522433,0.1423074822045149,23.0,0.0020856666666666667,0.020337018972855767,0.08084471734621082
2021-12-31,4940.373,0.0038325628043907045,0.01734085120289408,0.1490473549751359,0.39192010900875907,0.9431371385595176,0.8895076621302348,0.791223880988396,0.6260352298463394,0.09615987012797154,0.07479431563201197,0.591715976331361,17.6,2.3722,2021-12,23,0.022422685639522433,0.1423074822045149,-0.07622926447051692,0.1645382602810945,19.0,0.0019768333333333335,-0.07820609780385025,0.026952645024864108
2022-01-28,4563.772,-0.012144262715219623,-0.0654672487652247,0.16343001823165465,0.9937747453911866,0.9996097816361825,0.9992197155427366,0.9984400399293075,0.9968825133340371,0.9845094513933863,0.08038585209003216,0.6329113924050632,25.19,2.1411,2022-01,19,-0.07622926447051692,0.1645382602810945,0.003916497143152453,0.15918770960624518,16.0,0.00178425,0.002132247143152453,0.08846998176834536
2022-02-28,4581.646,0.0017975587224015044,-0.041359073708067795,0.17850135294936179,0.9884244899807999,0.9992725754656006,0.9985456800776544,0.9970934752017453,0.9941953982898935,0.9713119753615025,0.07955449482895784,0.6329113924050632,18.15,2.2558,2022-02,16,0.003916497143152453,0.15918770960624518,-0.07836681402273338,0.3120391701627111,23.0,0.0018798333333333332,-0.08024664735606671,0.002998647050638209
2022-03-31,4222.597,-0.00740509329942729,-0.07775388158959473,0.32401181454188094,0.8009970694047095,0.9862271019177815,0.9726438965571462,0.9460361495098685,0.8949843961794582,0.5742186817958584,0.08532423208191126,0.6896551724137931,21.13,2.3092,2022-03,23,-0.07836681402273338,0.3120391701627111,-0.048869451666829766,0.30211973957264227,19.0,0.0019243333333333335,-0.0507937850001631,-0.11271181454188095
2022-04-29,4016.241,0.02426202600439109,-0.02851932588705186,0.3074374269633837,0.7984628348835507,0.98603179494518,0.9722587006428135,0.945286980975652,0.8935674764020627,0.5696875990807262,0.08920606601248884,0.7246376811594204,22.08,2.3471,2022-04,19,-0.048869451666829766,0.30211973957264227,0.018743148132793985,0.19162160815244025,19.0,0.001955916666666667,0.016787231466127317,-0.08663742696338372
2022-05-31,4091.518,0.015512464823934868,0.050309379761860784,0.19931303699124694,0.10636228782203627,0.8693091070349085,0.7556983235738299,0.571079956252297,0.32613231643312546,0.0036895141116360056,0.08833922261484099,0.7246376811594204,21.1,2.2682,2022-05,19,0.018743148132793985,0.19162160815244025,0.09617286298141736,0.170080433467115,21.0,0.0018901666666666667,0.0942826963147507,0.011686963008753076
2022-06-30,4485.011,0.014396937410844801,0.0961728629814167,0.17008043346711418,0.005938945856260055,0.7258666369703834,0.5268823746666945,0.277605036734415,0.07706455642031591,2.7181499715651603e-06,0.08123476848090982,0.6578947368421053,23.329,2.3048,2022-06,21,0.09617286298141736,0.170080433467115,-0.07021365164990667,0.12746910195256267,21.0,0.0019206666666666669,-0.07213431831657334,0.06320956653288581
2022-07-29,4170.102,-0.013150804617394707,-0.0702136516499069,0.1274691019525614,0.9042286234016611,0.9937276880566336,0.987494718010382,0.9751458180984038,0.9509093665548053,0.7774914580435781,0.08741258741258742,0.6944444444444444,21.31,2.1886,2022-07,21,-0.07021365164990667,0.12746910195256267,-0.0218848363900932,0.1527201015709573,23.0,0.0018238333333333336,-0.023708669723426532,0.08563089804743859
2022-08-31,4078.84,0.0007473390460852603,-0.006862389895944121,0.14435855557284152,0.6611237817353492,0.9744682055218062,0.9495882835728892,0.9017179082989056,0.8130951861469536,0.35539142873710916,0.09074410163339383,0.7246376811594204,17.566,2.0969,2022-08,23,-0.0218848363900932,0.1527201015709573,-0.06716492924458906,0.14367882323425524,21.0,0.0017474166666666669,-0.06891234591125572,0.03130144442715846
2022-09-30,3804.885,-0.00581582658395563,-0.06716492924458917,0.14367882323425407,0.9686634135753067,0.9980120983836228,0.9960281485200819,0.9920720726443424,0.9842069973208414,0.9234900952681193,0.09551098376313276,0.7633587786259541,19.13,2.1364,2022-09,21,-0.06716492924458906,0.14367882323425524,-0.07784256291583058,0.2225428645865928,16.0,0.0017803333333333334,-0.07962289624916391,0.047621176765745926
2022-10-31,3508.703,-0.009213205208212671,-0.09007160490049204,0.2091222709374953,0.9374278759189589,0.9959696776095076,0.9919555987175865,0.9839759098271655,0.9682085911201981,0.8508336536603247,0.10405827263267431,0.8474576271186441,26.78,2.0782,2022-10,16,-0.07784256291583058,0.2225428645865928,0.09813711790368052,0.2394572518040642,22.0,0.0017318333333333333,0.09640528457034718,0.058677729062504735
2022-11-30,3853.037,0.0011991928120147488,0.060223880371132577,0.2172597937600232,0.05045577627135935,0.8297207108786245,0.68843645806093,0.4739447567874786,0.22462363248634226,0.0005718435549018025,0.0946073793755913,0.7692307692307692,23.55,2.3602,2022-11,22,0.09813711790368052,0.2394572518040642,0.004826582251870271,0.13502063876303338,22.0,0.001966833333333333,0.0028597489185369375,0.018240206239976825
2022-12-30,3871.634,0.0038719620732849958,-0.005940018522279433,0.1329106061249092,0.5610357628220907,0.964521491652602,0.9303017078597604,0.865461267646787,0.7490232057967835,0.23576338852961082,0.09442870632672333,0.7575757575757576,17.2,2.3522,2022-12,22,0.004826582251870271,0.13502063876303338,0.07367018679968274,0.1169933791726857,16.0,0.0019601666666666665,0.07171002013301607,0.03908939387509078
2023-01-31,4156.858,-0.010588751935392104,0.08584644713377165,0.11246507059532002,0.006076442837161026,0.7269057237225904,0.5283919311806629,0.2791980329368304,0.07795154159579544,2.8782170518630444e-06,0.08880994671403197,0.7194244604316548,19.28,2.4193,2023-01,16,0.07367018679968274,0.1169933791726857,-0.021025255132602783,0.15494622699768032,20.0,0.0020160833333333333,-0.023041338465936118,0.08033492940467998
2023-02-28,4069.459,0.006334319523700671,-0.031391375857017345,0.15462008071894648,0.9152300093636424,0.994479054935923,0.9889885907062466,0.9780984325471277,0.9566765437511481,0.8013562515047278,0.08952551477170993,0.7299270072992701,18.53,2.4885,2023-02,20,-0.021025255132602783,0.15494622699768032,-0.0045541680110305904,0.12385712472110612,23.0,0.00207375,-0.0066279180110305905,0.03067991928105354
2023-03-31,4050.926,0.0030704271806099026,-0.01622541307873404,0.11898165699710075,0.5146795833867274,0.9593366995871718,0.9203269031748075,0.8470016087073315,0.7174117251528075,0.1900388317036694,0.08873114463176575,0.7299270072992701,16.34,2.3918,2023-03,23,-0.0045541680110305904,0.12385712472110612,-0.005391359901415593,0.1330923489672554,19.0,0.0019931666666666665,-0.00738452656808226,0.044418343002899235
2023-04-28,4029.086,0.010196270752897307,0.00572670378298934,0.12990339723590058,0.416340496119186,0.9467068967543606,0.8962539483622715,0.8032711399549611,0.6452445242845428,0.11184630431205415,0.08718395815170009,0.7194244604316548,15.01,2.3548,2023-04,19,-0.005391359901415593,0.1330923489672554,-0.05721967711783771,0.12297874124580495,20.0,0.0019623333333333333,-0.05918201045117104,0.02019660276409943
2023-05-31,3798.543,-0.01021691599224861,-0.04760683368522711,0.12817917623728053,0.7984215259414286,0.9860286065596038,0.972252412953874,0.9452747544946304,0.8935443614848837,0.569613919136243,0.09149130832570906,0.7692307692307692,17.87,2.1864,2023-05,20,-0.05721967711783771,0.12297874124580495,0.011559432129634839,0.13860532824328306,20.0,0.0018219999999999998,0.009737432129634838,0.05052082376271946
2023-06-30,3842.452,0.005392161480165081,0.001224414390399886,0.14020627155716225,0.5320365203753743,0.9613274429767723,0.9241504526202594,0.8540540590782303,0.7294083358280012,0.20646840892748766,0.09115770282588878,0.7575757575757576,15.46,2.1447,2023-06,20,0.011559432129634839,0.13860532824328306,0.044809408159165676,0.16165293077811044,21.0,0.0017872499999999998,0.04302215815916568,0.014393728442837761
2023-07-31,4014.63,0.005482954303538179,0.04480940815916501,0.16165293077810938,0.1342074568842479,0.8820354503360966,0.7779865356496009,0.6052630496520677,0.36634335927412126,0.006598445247046891,0.08802816901408451,0.7142857142857143,18.36,2.1646,2023-07,21,0.044809408159165676,0.16165293077811044,-0.062113320530161276,0.14139934364211681,23.0,0.0018038333333333335,-0.06391715386349461,0.021947069221890603
2023-08-31,3765.268,-0.006134865685982094,-0.05154468820963776,0.1473702986662529,0.9343697792061317,0.9957662993682245,0.9915505229574885,0.983172439577269,0.9666280459443186,0.8439116037826097,0.09099181073703366,0.7751937984496123,18.71743542,2.1497,2023-08,23,-0.062113320530161276,0.14139934364211681,-0.020118355453051517,0.12754883080337584,20.0,0.0017914166666666669,-0.021909772119718184,0.03980405553374711
2023-09-28,3689.517,-0.002966630140021853,-0.026129797730506277,0.12559263215190486,0.6279921974404103,0.9713419392192066,0.9435051628861288,0.8902019923927806,0.7924595872600761,0.31252561579450383,0.09199632014719412,0.78125,16.99307936,2.2759,2023-09,20,-0.020118355453051517,0.12754883080337584,-0.03171444934391132,0.1414047384389103,17.0,0.0018965833333333335,-0.033611032677244655,0.04433816144809513
2023-10-31,3572.506,-0.0031436151630181985,-0.04451189684329726,0.12906350693071847,0.7752813420912393,0.984217784368769,0.9686846470677687,0.9383499454648075,0.8805006201538074,0.5292347235974819,0.09398496240601503,0.8264462809917356,16.44,2.3611,2023-10,17,-0.03171444934391132,0.1414047384389103,-0.02135839659891392,0.0974741553312044,22.0,0.0019675833333333333,-0.023325979932247255,0.03533649306928155
2023-11-30,3496.203,0.002263562238071337,-0.020953075963861423,0.09986137656412886,0.3502385541250288,0.9365322711818954,0.8770926949651193,0.7692915955611759,0.5918095590010597,0.07259552968444179,0.09541984732824427,0.8403361344537815,15.45,2.4259,2023-11,22,-0.02135839659891392,0.0974741553312044,-0.01861819808517995,0.1444007341052813,21.0,0.002021583333333333,-0.020639781418513282,0.05463862343587114
2023-12-29,3431.11,0.004852776655127844,-0.018618198085179838,0.14440073410528007,0.7681872996467568,0.9836524889043338,0.9675722189276904,0.9361959988406544,0.8764629482452506,0.5172110643372658,0.09633911368015413,0.8403361344537815,15.9229071,2.2098,2023-12,21,-0.01861819808517995,0.1444007341052813,-0.06288285715118425,0.16980073472567767,22.0,0.0018415,-0.06472435715118424,0.014828336894719935
2024-01-31,3215.352,-0.009148426259283915,-0.050496817814568606,0.17003992105215657,0.92052413911241,0.9948376177120226,0.9897018856149323,0.9795098223897526,0.9594394921580047,0.812995148506937,0.09842519685039369,0.8620689655172414,21.71,2.1336,2024-01,22,-0.06288285715118425,0.16980073472567767,0.09352972862691233,0.196749557485793,15.0,0.001778,0.09175172862691233,0.04706007894784345
2024-02-29,3516.083,0.019077692695622872,0.08791952060887409,0.20801651786823105,0.0074217005024942405,0.7360485543358917,0.5417674743399561,0.2935119962526949,0.086149291944242,4.745244142871319e-06,0.09165902841429881,0.8,19.44217792,2.0526,2024-02,15,0.09352972862691233,0.196749557485793,0.006086602620017478,0.10442307913267843,21.0,0.0017105,0.004376102620017478,-0.013594738668231077
2024-03-29,3537.484,0.004691611532633644,0.0060866026200177,0.10442307913267673,0.24340403750400214,0.9154728859952447,0.8380906049924622,0.7023958621766313,0.49335994720285326,0.02922936931948776,0.08920606601248884,0.8064516129032259,15.03,1.9017,2024-03,21,0.006086602620017478,0.10442307913267843,0.018914573182521544,0.1554169607999349,20.0,0.00158475,0.017329823182521544,0.045876920867323256
2024-04-30,3604.394,-0.005385892372662515,0.023694924544833462,0.15202562535091282,0.3020680012736197,0.9279114742964206,0.861019704130957,0.7413549309017606,0.5496071335723542,0.05014894543879591,0.08598452278589853,0.8064516129032259,15.02,1.9032,2024-04,20,0.018914573182521544,0.1554169607999349,-0.006788658509585099,0.11790483371727431,20.0,0.001586,-0.0083746585095851,-0.001825625350912824
2024-05-31,3579.925,-0.0040027131757064405,-0.012137987898160785,0.11625453735714945,0.45561811023499554,0.9520561464000131,0.9064109058980432,0.8215807303309113,0.6749948964510736,0.1401207476677111,0.08643042350907519,0.8130081300813008,13.84,1.7987,2024-05,20,-0.006788658509585099,0.11790483371727431,-0.03303644629426605,0.07802194701801952,19.0,0.0014989166666666666,-0.03453536296093272,0.02214546264285054
2024-06-28,3461.657,0.0021826121748012017,-0.042026864648949114,0.07537816669698474,0.2812191823018482,0.9237730941547553,0.8533567294842505,0.7282177077560561,0.5303010298894848,0.041938447818659366,0.08710801393728222,0.8064516129032259,12.74754559,1.6335,2024-06,19,-0.03303644629426605,0.07802194701801952,-0.005654228596305266,0.13666980967637804,23.0,0.0013612499999999998,-0.007015478596305266,0.05209728920301526
2024-07-31,3442.084,0.021577250664958747,-0.008555250813270243,0.1421028324206042,0.650283026322237,0.9734617714644447,0.9476278205026947,0.8979984861906873,0.806401281200766,0.34100130852873556,0.08833922261484099,0.8,13.69,1.5252,2024-07,23,-0.005654228596305266,0.13666980967637804,-0.03505202081064829,0.09588536433969268,22.0,0.0012709999999999998,-0.03632302081064829,-0.005202832420604209
2024-08-30,3321.432,0.013348156821850532,-0.028612857668032343,0.09654172645112666,0.3605707345489144,0.9382355936518046,0.8802860291951542,0.7749034931961719,0.6004754237676296,0.07806856320838866,0.09208103130755065,0.819672131147541,12.78195592,1.5197,2024-08,22,-0.03505202081064829,0.09588536433969268,0.20967552549623192,0.4049931755863698,19.0,0.0012664166666666668,0.20840910882956526,0.03127783274887333
2024-09-30,4017.855,0.08482632837295823,0.2225345778604324,0.3870582523901273,1.8762590144608085e-07,0.37982259751814024,0.14426520558542716,0.020812449542605565,0.0004331580559635026,1.5248670480640938e-17,0.07905138339920949,0.7142857142857143,49.14,1.459,2024-09,19,0.20967552549623192,0.4049931755863698,-0.031562861277970256,0.42679753632284867,18.0,0.0012158333333333333,-0.03277869461130359,0.10434174760987269
2024-10-31,3891.04,0.0004090553700537569,0.1439077615886719,0.5299482325454963,0.0026514454287836454,0.6901884198452278,0.47636005488845246,0.22691890189332947,0.05149218803647448,3.619984680077564e-07,0.08583690987124463,0.7692307692307692,31.98,1.4482,2024-10,18,-0.031562861277970256,0.42679753632284867,0.006564568855627062,0.23136762331523622,21.0,0.0012068333333333334,0.005357735522293729,-0.21014823254549625
2024-11-29,3916.583,0.01137028279291874,0.006564568855627284,0.23136762331523553,0.3615882260901383,0.9384008501145569,0.880596155495723,0.7754495890738476,0.6013220651947991,0.07862048194398648,0.0851063829787234,0.7633587786259541,22.83,1.3671,2024-11,21,0.006564568855627062,0.23136762331523622,0.004679589325695455,0.13488739045470965,22.0,0.0011392499999999999,0.003540339325695455,-0.0030676233152355514
2024-12-31,3934.911,-0.016039789400245752,-0.003222438160395913,0.1353721910573165,0.5446468898036182,0.9627359498297694,0.9268605090946282,0.8590704033191534,0.738001957858933,0.21892107389442608,0.08203445447087777,0.7352941176470588,18.11,1.137,2024-12,22,0.004679589325695455,0.13488739045470965,-0.029945022898865914,0.17642219668258036,18.0,0.0009475,-0.030892522898865914,0.045727808942683495
2025-01-27,3817.08,-0.004118069412324621,-0.04273375665834067,0.17178329104571308,0.9833735827818326,0.998952662122094,0.9979064211608184,0.9958172253939928,0.9916519463913902,0.9589508384319283,0.08517887563884156,0.7575757575757576,17.73,1.2515,2025-01,18,-0.029945022898865914,0.17642219668258036,0.019116445031280405,0.14590845454888932,18.0,0.0010429166666666666,0.018073528364613737,0.005516708954286936
2025-02-28,3890.049,-0.019673568010612597,0.024501338814127083,0.1377826135594574,0.2512722898642911,0.9172950234201132,0.8414301599913059,0.7080047141429946,0.5012706752487034,0.031649109420355336,0.08460236886632826,0.7518796992481203,17.84,1.4253,2025-02,18,0.019116445031280405,0.14590845454888932,-0.0007051325060434266,0.1281125985154815,21.0,0.00118775,-0.0018928825060434266,0.04061738644054261
2025-03-31,3887.306,-0.0071159179457525035,-0.0007051325060429825,0.12811259851548015,0.4615984157351309,0.9528324064192522,0.9078895947227029,0.8242635162057537,0.6794103441478727,0.14476406643942605,0.08488964346349746,0.7633587786259541,15.74,1.5663,2025-03,21,-0.0007051325060434266,0.1281125985154815,-0.03002979441289222,0.26503917435561164,21.0,0.00130525,-0.03133504441289222,0.02928740148451986
2025-04-30,3770.571,-0.001193618037459987,-0.030029794412891664,0.2650391743556109,0.6503273255857001,0.9734659160311897,0.9476358896744433,0.8980137793990738,0.8064287479906084,0.3410593866193923,0.08703220191470844,0.7936507936507936,17.07,1.4507,2025-04,21,-0.03002979441289222,0.26503917435561164,0.018474920641992965,0.1048260363417958,19.0,0.0012089166666666667,0.017266003975326297,-0.09433917435561093
2025-05-30,3840.232,-0.004786067846684117,0.015499446136694406,0.1001394554086223,0.16627182700406137,0.8939251721537742,0.7991022134101549,0.6385643474770086,0.40776442586873785,0.011273185987825712,0.08525149190110827,0.7751937984496123,15.21,1.4617,2025-05,19,0.018474920641992965,0.1048260363417958,0.024958648331663502,0.09247397126473847,20.0,0.0012180833333333334,0.023740564998330167,0.05196054459137771
2025-06-30,3936.079,0.003651678660437474,0.020053126700702473,0.0925256336884954,0.116380192830227,0.8742133656363447,0.7642490086572252,0.5840765472335515,0.3411454130282672,0.00462059263041666,0.08103727714748785,0.7407407407407407,14.52,1.3635,2025-06,20,0.024958648331663502,0.09247397126473847,0.035444410541557,0.09252756243537211,23.0,0.0011362499999999999,0.034308160541557005,0.0526743663115046
2025-07-31,4075.591,-0.018222756681259944,0.033447397548232116,0.09692857433373683,0.0768871952044254,0.851855390908147,0.7256576070192718,0.526578962624936,0.27728540387915374,0.0016392117030463486,0.08038585209003216,0.7246376811594204,17.14,1.4195,2025-07,23,0.035444410541557,0.09252756243537211,0.10333912308668802,0.13835231133823203,21.0,0.0011829166666666665,0.10215620642002135,0.07447142566626316
2025-08-29,4496.759,0.007387681566886517,0.10333912308668847,0.1383523113382307,0.0016228888031217738,0.669334248791583,0.44800833660539274,0.20071146966793088,0.04028509405626073,1.0610159431347684e-07,0.07558578987150416,0.684931506849315,24.22,1.4042,2025-08,21,0.10333912308668802,0.13835231133823203,0.032008608866963995,0.16712315049535986,22.0,0.0011701666666666666,0.030838442200297328,0.1038476886617693
2025-09-30,4640.694,0.004467697664940262,0.025859963202777614,0.17046535045669273,0.2988732619356353,0.9272950499837674,0.8598761097243978,0.7393869240747645,0.5466930234927416,0.048833478258823206,0.07507507507507508,0.6896551724137931,17.86,1.4934,2025-09,22,0.032008608866963995,0.16712315049535986,-5.602610299915156e-06,0.19925752267831082,17.0,0.0012445000000000002,-0.0012501026102999153,0.008134649543307254
2025-10-31,4640.668,-0.014701551685371683,0.016337240485309934,0.1907669195112702,0.41233348895897287,0.9461348465996354,0.8951711479501158,0.8013313841223281,0.642131987179406,0.10917457804302905,0.0758150113722517,0.6896551724137931,17.33,1.4022,2025-10,17,-5.602610299915156e-06,0.19925752267831082,-0.02456672185987019,0.14578338761388177,20.0,0.0011685,-0.025735221859870188,-0.017466919511270218
2025-11-28,4526.662,0.0024934651458574653,-0.03890710461407865,0.14958877390005396,0.8849986813550207,0.992393506665067,0.9848448720709885,0.9699194220445215,0.9407436852591787,0.736811777191477,0.07668711656441718,0.6993006993006994,14.54,1.4183,2025-11,20,-0.02456672185987019,0.14578338761388177,0.022815487438646587,0.11527388858486091,23.0,0.0011819166666666666,0.02163357077197992,-0.004188773900053955
